{
  "config": {
    "run_name": "exp1_2",
    "out_dir": "./results",
    "seed": 42,
    "device": null,
    "bs_train": 128,
    "bs_test": 32,
    "batches": 500,
    "epochs": 50,
    "early_stopping": 5,
    "checkpoints": null,
    "lr": 0.001,
    "reg": 0.001,
    "filters_per_layer": [
      128
    ],
    "layers_per_block": 8,
    "pool_every": 3,
    "hidden_dims": [
      512
    ],
    "model_type": "cnn",
    "kw": {}
  },
  "results": {
    "num_epochs": 6,
    "train_loss": [
      2.3029534396003273,
      2.3026737264355126,
      2.3026907126921827,
      2.302689679748262,
      2.302730429203004,
      2.302776204350659
    ],
    "train_acc": [
      10.056,
      10.072,
      9.858,
      9.99,
      9.982,
      10.072
    ],
    "test_loss": [
      2.302613350530021,
      2.302664005718292,
      2.3025992137555495,
      2.302664081890362,
      2.3027772316917443,
      2.302597666700808
    ],
    "test_acc": [
      10.0,
      10.0,
      10.0,
      10.0,
      10.0,
      10.0
    ]
  }
}