{
  "config": {
    "run_name": "exp1_1",
    "out_dir": "./results",
    "seed": 42,
    "device": null,
    "bs_train": 128,
    "bs_test": 32,
    "batches": 500,
    "epochs": 50,
    "early_stopping": 5,
    "checkpoints": null,
    "lr": 0.001,
    "reg": 0.001,
    "filters_per_layer": [
      64
    ],
    "layers_per_block": 2,
    "pool_every": 3,
    "hidden_dims": [
      512
    ],
    "model_type": "cnn",
    "kw": {}
  },
  "results": {
    "num_epochs": 16,
    "train_loss": [
      1.7654357096728157,
      1.3957878829878005,
      1.2816828861260963,
      1.214837470170482,
      1.1517540317057344,
      1.099536314339894,
      1.0518822900169646,
      1.0020271449747598,
      0.9523738561688787,
      0.9075575583731122,
      0.858210338655945,
      0.8062524816874043,
      0.7541185873548698,
      0.7095550310123911,
      0.646938243714135,
      0.5984363715971828
    ],
    "train_acc": [
      37.336,
      51.112,
      55.778,
      58.544,
      61.208,
      63.432,
      65.26,
      67.208,
      69.51,
      71.224,
      73.404,
      75.61,
      77.756,
      79.652,
      82.088,
      84.038
    ],
    "test_loss": [
      1.4974228939690148,
      1.3290466915685148,
      1.2589306629503878,
      1.2452370507267718,
      1.214001984070665,
      1.2095021626438958,
      1.1939258737305103,
      1.163371997519423,
      1.1872630376404467,
      1.1638439908956948,
      1.2079124940089143,
      1.2091674802783199,
      1.2275683284757999,
      1.2634588977018484,
      1.267947357683517,
      1.3268676025037187
    ],
    "test_acc": [
      45.26,
      51.95,
      54.61,
      54.87,
      56.3,
      56.39,
      56.95,
      59.04,
      57.99,
      59.21,
      59.28,
      58.81,
      59.26,
      58.79,
      59.0,
      58.96
    ]
  }
}