{
  "config": {
    "run_name": "exp1_4",
    "out_dir": "./results",
    "seed": 42,
    "device": null,
    "bs_train": 128,
    "bs_test": 32,
    "batches": 500,
    "epochs": 50,
    "early_stopping": 5,
    "checkpoints": null,
    "lr": 0.001,
    "reg": 0.001,
    "filters_per_layer": [
      32
    ],
    "layers_per_block": 16,
    "pool_every": 3,
    "hidden_dims": [
      512
    ],
    "model_type": "resnet",
    "kw": {}
  },
  "results": {
    "num_epochs": 31,
    "train_loss": [
      1.7800446736538196,
      1.3900502786002196,
      1.211586095792863,
      1.0896846911181575,
      0.9852168314597186,
      0.8928217041827834,
      0.8265658722204321,
      0.7782799267707883,
      0.7299980949562834,
      0.6894043619980288,
      0.6550651412180928,
      0.6243674754334227,
      0.5999760165848695,
      0.5710553080224625,
      0.5488505286481374,
      0.5313490237421392,
      0.5134325583877466,
      0.503603096889413,
      0.4835640030443821,
      0.45371908422016427,
      0.4486532729223866,
      0.42761504345232876,
      0.41702917843218656,
      0.41093064753143377,
      0.39474892642949244,
      0.3761215730929923,
      0.3790796758497463,
      0.3584400068616013,
      0.3539163264853265,
      0.34066476267012186,
      0.3235551041486623
    ],
    "train_acc": [
      34.046,
      49.996,
      57.452,
      62.088,
      66.47,
      69.868,
      72.2,
      74.38,
      76.36,
      77.734,
      79.044,
      80.1,
      81.056,
      81.986,
      83.006,
      83.634,
      84.314,
      84.676,
      85.448,
      86.354,
      86.58,
      87.454,
      87.856,
      87.93,
      88.648,
      89.266,
      89.154,
      89.846,
      90.272,
      90.578,
      91.24
    ],
    "test_loss": [
      1.5000466390158802,
      1.2892093871729062,
      1.0947307003572726,
      1.0308564352913026,
      0.9954371353307851,
      0.9362598472890763,
      0.8364650841338185,
      0.8203153832080646,
      0.7812617578255102,
      0.7755826457430379,
      0.7511956768866164,
      0.7581933645394664,
      0.7400724822625565,
      0.703259933489961,
      0.7225289220055833,
      0.7059675242763739,
      0.7153346243853005,
      0.7355581742886919,
      0.6829329892850151,
      0.6873864807164707,
      0.6739565144998197,
      0.7090730804223984,
      0.8021036089418795,
      0.7114032511703503,
      0.6983364119221227,
      0.6827791169904672,
      0.7071147991445499,
      0.7402408730488615,
      0.7612926603410952,
      0.75337169993038,
      0.7221037912578248
    ],
    "test_acc": [
      43.45,
      52.61,
      60.76,
      63.12,
      65.41,
      67.37,
      70.87,
      71.74,
      72.74,
      73.36,
      73.91,
      73.91,
      75.48,
      76.59,
      75.47,
      76.69,
      75.47,
      75.88,
      77.38,
      77.22,
      77.67,
      76.98,
      75.02,
      77.41,
      77.01,
      77.78,
      77.35,
      76.44,
      76.27,
      76.97,
      77.35
    ]
  }
}