{
  "config": {
    "run_name": "exp1_3_L2_K64-128-256",
    "out_dir": "./results",
    "seed": 42,
    "device": null,
    "bs_train": 128,
    "bs_test": 32,
    "batches": 500,
    "epochs": 50,
    "early_stopping": 5,
    "checkpoints": null,
    "lr": 0.001,
    "reg": 0.001,
    "filters_per_layer": [
      64,
      128,
      256
    ],
    "layers_per_block": 2,
    "pool_every": 2,
    "hidden_dims": [
      100
    ],
    "model_type": "cnn",
    "kw": {}
  },
  "results": {
    "num_epochs": 25,
    "train_loss": [
      1.813396369099922,
      1.3645088697028587,
      1.1269740861700015,
      0.9887281543458514,
      0.8809146588415746,
      0.7929031249812192,
      0.720585247973347,
      0.6691960286148979,
      0.6148868738995183,
      0.5698674848622374,
      0.5322930325784951,
      0.5001793143999241,
      0.46127389756310017,
      0.43540862103557343,
      0.4107778527395195,
      0.38229120722817034,
      0.35832041292391775,
      0.33445859233589126,
      0.31227758484880636,
      0.2910801832709471,
      0.2742110655054717,
      0.26253871993183175,
      0.24739933812328616,
      0.23055314726155737,
      0.22028732433191042
    ],
    "train_acc": [
      33.286,
      51.586,
      61.368,
      66.564,
      70.75,
      74.0,
      76.892,
      78.608,
      80.49,
      82.39,
      83.808,
      84.952,
      86.534,
      87.498,
      88.474,
      89.678,
      90.278,
      91.254,
      92.14,
      92.922,
      93.58,
      93.842,
      94.572,
      95.172,
      95.632
    ],
    "test_loss": [
      1.5728520364426195,
      1.2289813644588945,
      1.0685664706717666,
      0.9435791081894701,
      0.8760859387370344,
      0.8485044160970865,
      0.7615434989190331,
      0.7324349045658264,
      0.6884861313782561,
      0.6468895013911274,
      0.673893039409345,
      0.6222428941783814,
      0.6213649451351775,
      0.6493731960416221,
      0.6594274342536165,
      0.6749782603674422,
      0.616546167352329,
      0.6548169082917344,
      0.666253008733923,
      0.6322068206894512,
      0.659146779785141,
      0.6770687702174385,
      0.7020614244781744,
      0.7527077771461429,
      0.689777559603746
    ],
    "test_acc": [
      40.2,
      55.4,
      62.11,
      66.64,
      69.36,
      70.08,
      73.6,
      74.7,
      76.09,
      77.13,
      76.67,
      78.59,
      79.37,
      78.0,
      77.94,
      78.17,
      79.76,
      78.38,
      78.88,
      80.1,
      78.96,
      78.55,
      78.27,
      77.94,
      79.65
    ]
  }
}