{
  "config": {
    "run_name": "exp1_2",
    "out_dir": "./results",
    "seed": 42,
    "device": null,
    "bs_train": 128,
    "bs_test": 32,
    "batches": 500,
    "epochs": 50,
    "early_stopping": 5,
    "checkpoints": null,
    "lr": 0.001,
    "reg": 0.001,
    "filters_per_layer": [
      32
    ],
    "layers_per_block": 2,
    "pool_every": 3,
    "hidden_dims": [
      512
    ],
    "model_type": "cnn",
    "kw": {}
  },
  "results": {
    "num_epochs": 17,
    "train_loss": [
      1.517886406015557,
      1.2492828692316704,
      1.1496657613293289,
      1.08491790767216,
      1.0160469357924693,
      0.9676203729246583,
      0.9156981477956943,
      0.8680690363849826,
      0.8131419247983361,
      0.7612239698619794,
      0.7134316745773911,
      0.6712894393202594,
      0.6143695492573711,
      0.572176795100312,
      0.5233445941182353,
      0.4842838953675516,
      0.436488873284796
    ],
    "train_acc": [
      47.528,
      57.98,
      61.832,
      64.522,
      67.368,
      69.502,
      71.276,
      73.346,
      75.938,
      78.066,
      80.088,
      81.814,
      84.12,
      85.724,
      87.716,
      89.402,
      91.344
    ],
    "test_loss": [
      1.3439276738288684,
      1.2170121584075708,
      1.1292832105304487,
      1.118760403924095,
      1.0645757159485985,
      1.0413379389257096,
      1.0183757903476873,
      0.9977763512264044,
      1.020549723134635,
      0.9978513085423186,
      1.0201602314417355,
      1.0066889305465139,
      1.0555614613877318,
      1.0669603802906438,
      1.077728716614909,
      1.0887076196769556,
      1.1481519391932808
    ],
    "test_acc": [
      51.67,
      55.85,
      59.75,
      59.74,
      62.02,
      62.71,
      63.61,
      64.69,
      63.71,
      65.01,
      64.06,
      65.43,
      64.78,
      64.18,
      63.99,
      64.84,
      63.96
    ]
  }
}