{
  "config": {
    "run_name": "exp1_2_L2_K32",
    "out_dir": "./results",
    "seed": 42,
    "device": null,
    "bs_train": 128,
    "bs_test": 32,
    "batches": 500,
    "epochs": 50,
    "early_stopping": 5,
    "checkpoints": null,
    "lr": 0.001,
    "reg": 0.001,
    "filters_per_layer": [
      32
    ],
    "layers_per_block": 2,
    "pool_every": 2,
    "hidden_dims": [
      100
    ],
    "model_type": "cnn",
    "kw": {}
  },
  "results": {
    "num_epochs": 20,
    "train_loss": [
      1.5232530484723923,
      1.2059764791937435,
      1.059938515086308,
      0.9514533977984162,
      0.8743097483349578,
      0.8141705358729643,
      0.7735372214670986,
      0.716979985194438,
      0.6782133618888952,
      0.6407956533572253,
      0.5901790646183521,
      0.559043161780633,
      0.5205702618564791,
      0.47863705955502933,
      0.44391855467920716,
      0.4142545746339252,
      0.3851285957162033,
      0.35625089175256014,
      0.33695029511171226,
      0.3123940288105889
    ],
    "train_acc": [
      46.598,
      58.536,
      64.394,
      68.486,
      71.252,
      73.484,
      75.062,
      77.4,
      79.058,
      80.318,
      82.432,
      83.6,
      85.16,
      86.974,
      88.182,
      89.3,
      90.552,
      91.532,
      92.24,
      93.216
    ],
    "test_loss": [
      1.2865647328928256,
      1.1434228639252269,
      1.039951811202418,
      0.9850109891769604,
      0.9620053525359485,
      0.9655990158787932,
      0.9848987753398883,
      0.9351155127580173,
      0.9671929015899999,
      0.9685429073751163,
      0.9418919574909698,
      0.9754212914754788,
      0.9686777782135497,
      1.0117203987444552,
      1.0021780513155574,
      1.0723361048264244,
      1.0637120203659558,
      1.0999316018039045,
      1.1714110641052928,
      1.1562268419768482
    ],
    "test_acc": [
      54.59,
      59.18,
      63.49,
      65.43,
      66.43,
      66.09,
      65.21,
      67.48,
      66.83,
      67.7,
      68.41,
      67.61,
      68.2,
      67.21,
      68.56,
      67.71,
      67.04,
      67.28,
      66.07,
      66.68
    ]
  }
}