{
  "config": {
    "run_name": "exp1_2",
    "out_dir": "./results",
    "seed": 42,
    "device": null,
    "bs_train": 128,
    "bs_test": 32,
    "batches": 500,
    "epochs": 50,
    "early_stopping": 5,
    "checkpoints": null,
    "lr": 0.001,
    "reg": 0.001,
    "filters_per_layer": [
      32
    ],
    "layers_per_block": 8,
    "pool_every": 3,
    "hidden_dims": [
      512
    ],
    "model_type": "cnn",
    "kw": {}
  },
  "results": {
    "num_epochs": 6,
    "train_loss": [
      2.302959159207161,
      2.3027188979146427,
      2.3027207997753796,
      2.302701098229879,
      2.302711150835237,
      2.3027188655970345
    ],
    "train_acc": [
      10.036,
      10.062,
      10.014,
      9.94,
      9.812,
      9.91
    ],
    "test_loss": [
      2.302635872325958,
      2.302600782138471,
      2.302597176914398,
      2.302591822017877,
      2.302604906094341,
      2.302590591838946
    ],
    "test_acc": [
      10.0,
      10.0,
      10.0,
      10.0,
      10.0,
      10.0
    ]
  }
}