{
  "config": {
    "run_name": "exp1_4",
    "out_dir": "./results",
    "seed": 42,
    "device": null,
    "bs_train": 128,
    "bs_test": 32,
    "batches": 500,
    "epochs": 50,
    "early_stopping": 5,
    "checkpoints": null,
    "lr": 0.001,
    "reg": 0.001,
    "filters_per_layer": [
      32
    ],
    "layers_per_block": 8,
    "pool_every": 3,
    "hidden_dims": [
      512
    ],
    "model_type": "resnet",
    "kw": {}
  },
  "results": {
    "num_epochs": 18,
    "train_loss": [
      1.562210580577021,
      1.179688252756358,
      0.9768448168664332,
      0.8424347623839707,
      0.7479289562043632,
      0.6742178027129844,
      0.61020544140845,
      0.5600616121688462,
      0.5007395153612737,
      0.44592437033763016,
      0.40108147175873027,
      0.35156337589101716,
      0.30845457517429997,
      0.2703886507531566,
      0.23631495056326127,
      0.21739089086918575,
      0.19407086606944918,
      0.17279165146677086
    ],
    "train_acc": [
      44.718,
      59.556,
      67.248,
      72.442,
      75.798,
      78.844,
      81.3,
      83.416,
      85.658,
      87.88,
      89.75,
      91.626,
      93.386,
      94.73,
      96.11,
      96.67,
      97.442,
      98.044
    ],
    "test_loss": [
      1.3133366926790426,
      1.0700092475635175,
      0.9380551024366872,
      0.8337615296101799,
      0.7598694889499737,
      0.7224539069893261,
      0.7168832038062068,
      0.6994741185785482,
      0.7187574290619871,
      0.728960179482786,
      0.7087980362173086,
      0.7079853106992313,
      0.7395849819190967,
      0.7686130158817426,
      0.8219473938496349,
      0.8480603239787653,
      0.949004661256132,
      0.8732037863221032
    ],
    "test_acc": [
      52.27,
      61.62,
      67.25,
      70.89,
      73.5,
      74.93,
      75.41,
      75.6,
      75.74,
      75.92,
      76.98,
      77.03,
      77.13,
      76.55,
      76.03,
      76.13,
      74.36,
      75.84
    ]
  }
}