{
  "config": {
    "run_name": "exp1_4",
    "out_dir": "./results",
    "seed": 42,
    "device": null,
    "bs_train": 128,
    "bs_test": 32,
    "batches": 500,
    "epochs": 50,
    "early_stopping": 5,
    "checkpoints": null,
    "lr": 0.001,
    "reg": 0.001,
    "filters_per_layer": [
      32
    ],
    "layers_per_block": 8,
    "pool_every": 3,
    "hidden_dims": [
      512
    ],
    "model_type": "resnet",
    "kw": {}
  },
  "results": {
    "num_epochs": 16,
    "train_loss": [
      1.5614635584604404,
      1.185693500596849,
      0.9861448353818615,
      0.8492517485033215,
      0.7495524747597287,
      0.6744364479466167,
      0.6140989904361003,
      0.5590469934751311,
      0.4987960886162565,
      0.45040829872231347,
      0.39843814863878135,
      0.3480989075530216,
      0.3019555484318672,
      0.2730725098144063,
      0.23786662309370993,
      0.21235782834117675
    ],
    "train_acc": [
      44.762,
      59.38,
      67.018,
      72.036,
      75.642,
      78.904,
      81.024,
      83.35,
      85.708,
      87.728,
      89.972,
      91.818,
      93.644,
      94.906,
      96.132,
      97.004
    ],
    "test_loss": [
      1.3042288818679297,
      1.0693129977098288,
      0.9538636734120001,
      0.8336244897720532,
      0.7779383248985766,
      0.7432176526933433,
      0.7121942459394376,
      0.7207367316888164,
      0.7502208015979669,
      0.7289791936025071,
      0.6925102096681778,
      0.7151717605491796,
      0.8224999371428079,
      0.7786352170732456,
      0.8200447325127574,
      0.8548368194613594
    ],
    "test_acc": [
      52.66,
      61.9,
      66.48,
      71.01,
      73.14,
      74.1,
      75.18,
      74.78,
      74.83,
      75.86,
      77.12,
      76.81,
      75.31,
      76.11,
      76.17,
      76.35
    ]
  }
}