{
  "config": {
    "run_name": "exp1_1",
    "out_dir": "./results",
    "seed": 42,
    "device": null,
    "bs_train": 128,
    "bs_test": 32,
    "batches": 500,
    "epochs": 50,
    "early_stopping": 5,
    "checkpoints": null,
    "lr": 0.001,
    "reg": 0.001,
    "filters_per_layer": [
      32
    ],
    "layers_per_block": 4,
    "pool_every": 3,
    "hidden_dims": [
      512
    ],
    "model_type": "cnn",
    "kw": {}
  },
  "results": {
    "num_epochs": 15,
    "train_loss": [
      1.6354998932470142,
      1.3171542047539635,
      1.1469012064397182,
      1.0344088868716794,
      0.9285595354521671,
      0.8369363601250417,
      0.7469071602577444,
      0.6603194352458505,
      0.5711577014849923,
      0.4946491576521598,
      0.41846688625300327,
      0.35724631763632647,
      0.3079348310561436,
      0.2719293620313525,
      0.23175356155999785
    ],
    "train_acc": [
      42.37,
      54.762,
      61.558,
      66.106,
      70.31,
      74.076,
      78.034,
      81.638,
      85.31,
      88.458,
      91.172,
      93.408,
      95.316,
      96.284,
      97.442
    ],
    "test_loss": [
      1.4030364184333874,
      1.2481165111255341,
      1.1924391048023115,
      1.0256374661153116,
      0.9754240156743473,
      0.9602365269066807,
      0.9638863558205553,
      0.9862795179834762,
      1.008951807460084,
      1.0351757298643216,
      1.0618111277921511,
      1.1579458980133739,
      1.2216907120741214,
      1.2513512890940657,
      1.311099112224274
    ],
    "test_acc": [
      48.78,
      54.79,
      58.2,
      63.69,
      65.6,
      66.65,
      66.8,
      66.09,
      66.29,
      67.05,
      66.81,
      66.24,
      65.0,
      66.17,
      65.77
    ]
  }
}