{
  "config": {
    "run_name": "exp1_4_L8_K64-128-256",
    "out_dir": "./results",
    "seed": 42,
    "device": null,
    "bs_train": 128,
    "bs_test": 32,
    "batches": 500,
    "epochs": 50,
    "early_stopping": 5,
    "checkpoints": null,
    "lr": 0.001,
    "reg": 0.001,
    "filters_per_layer": [
      64,
      128,
      256
    ],
    "layers_per_block": 8,
    "pool_every": 8,
    "hidden_dims": [
      512
    ],
    "model_type": "resnet",
    "kw": {}
  },
  "results": {
    "num_epochs": 27,
    "train_loss": [
      1.685998650767919,
      1.4505865534248255,
      1.3589171567536376,
      1.30143903984743,
      1.258070997569872,
      1.21816865562478,
      1.187014846240773,
      1.1578670290425002,
      1.1331950256891568,
      1.1139664023428621,
      1.260219305677487,
      1.220738714003502,
      1.0977529916921844,
      1.0593813929106572,
      1.043350447931558,
      1.01963833378404,
      1.0074315054337386,
      0.99190821702523,
      0.9766690619766255,
      0.9624634661028147,
      0.9425969411954855,
      0.9317759909593236,
      0.9174033880538648,
      0.9054522872580897,
      0.8912705623585245,
      0.8788039726979288,
      0.8610062971139503
    ],
    "train_acc": [
      40.314,
      49.326,
      52.61,
      55.082,
      56.53,
      58.35,
      59.506,
      60.604,
      61.568,
      62.344,
      60.166,
      58.406,
      62.8,
      64.25,
      64.752,
      65.692,
      66.328,
      67.012,
      67.266,
      67.9,
      68.75,
      69.194,
      69.778,
      70.068,
      70.66,
      71.4,
      72.106
    ],
    "test_loss": [
      1.5251385499113284,
      1.420625111165519,
      1.3310666771742483,
      1.2860081115850626,
      1.2500845224331743,
      1.2287221255774696,
      1.1998643452367082,
      1.2075989583429818,
      1.1709818582946119,
      1.1404321229876802,
      1.6462319331428112,
      1.1727740398991984,
      1.1559996736316254,
      1.1803909165028947,
      1.1179193741978166,
      1.1029946141349622,
      1.111464375124191,
      1.0874936300725602,
      1.0970119786338683,
      1.0882673078832534,
      1.0679005576779668,
      1.0547040146760667,
      1.115358134047292,
      1.0526895176488371,
      1.0969426445305919,
      1.1185258310823776,
      1.1039475406320711
    ],
    "test_acc": [
      45.02,
      49.55,
      51.94,
      54.27,
      55.04,
      55.6,
      57.21,
      57.01,
      58.39,
      59.39,
      41.92,
      58.19,
      58.57,
      57.41,
      60.95,
      60.85,
      60.98,
      61.99,
      61.37,
      61.5,
      62.51,
      63.32,
      60.3,
      62.79,
      61.64,
      60.99,
      61.43
    ]
  }
}