{
  "config": {
    "run_name": "exp1_1",
    "out_dir": "./results",
    "seed": 42,
    "device": null,
    "bs_train": 128,
    "bs_test": 32,
    "batches": 500,
    "epochs": 50,
    "early_stopping": 5,
    "checkpoints": null,
    "lr": 0.001,
    "reg": 0.001,
    "filters_per_layer": [
      32
    ],
    "layers_per_block": 16,
    "pool_every": 3,
    "hidden_dims": [
      512
    ],
    "model_type": "cnn",
    "kw": {}
  },
  "results": {
    "num_epochs": 6,
    "train_loss": [
      2.303844776299908,
      2.3033669446130545,
      2.3029981568036484,
      2.302879301178486,
      2.3027505496578753,
      2.3027892204196863
    ],
    "train_acc": [
      10.256,
      9.998,
      10.116,
      9.852,
      10.022,
      9.85
    ],
    "test_loss": [
      2.3037023369115763,
      2.3028960486951346,
      2.302764389842463,
      2.302643515431462,
      2.3025997728585437,
      2.302600909345828
    ],
    "test_acc": [
      10.0,
      10.0,
      10.0,
      10.0,
      10.0,
      10.0
    ]
  }
}