{
  "config": {
    "run_name": "exp1_4",
    "out_dir": "./results",
    "seed": 42,
    "device": null,
    "bs_train": 128,
    "bs_test": 32,
    "batches": 500,
    "epochs": 50,
    "early_stopping": 5,
    "checkpoints": null,
    "lr": 0.001,
    "reg": 0.001,
    "filters_per_layer": [
      64,
      128,
      256
    ],
    "layers_per_block": 4,
    "pool_every": 4,
    "hidden_dims": [
      512
    ],
    "model_type": "resnet",
    "kw": {}
  },
  "results": {
    "num_epochs": 21,
    "train_loss": [
      1.6710467866009764,
      1.342346866417419,
      1.1348358674732315,
      0.9779081026001659,
      0.8587555639884051,
      0.7643363963612511,
      0.703038422500386,
      0.639332021822405,
      0.5884665176844048,
      0.5412483567472004,
      0.49264017883164196,
      0.4572610872252213,
      0.41700726915198516,
      0.3887527189824892,
      0.3497266501874265,
      0.3148612586586067,
      0.29296465029420754,
      0.26792054017410255,
      0.24799700268089314,
      0.23307905410942825,
      0.21426276874054423
    ],
    "train_acc": [
      39.82,
      53.302,
      61.482,
      67.8,
      71.994,
      75.85,
      77.876,
      80.484,
      82.354,
      84.292,
      86.0,
      87.546,
      89.108,
      90.248,
      91.682,
      93.092,
      94.048,
      94.932,
      95.696,
      96.142,
      96.812
    ],
    "test_loss": [
      1.4009289265440676,
      1.2450960048090536,
      1.0779519939955813,
      0.9598546209045873,
      0.8292408492237615,
      0.8017475795441161,
      0.7486642126839,
      0.7393496484040453,
      0.6781536504483452,
      0.671311325777453,
      0.6474439450822318,
      0.6773020013833579,
      0.6726774171280404,
      0.6329706155549223,
      0.6604703783322448,
      0.645658899277163,
      0.7255701853539616,
      0.6864948636902788,
      0.7316240475486262,
      0.8188969897814452,
      0.7506881719008802
    ],
    "test_acc": [
      48.67,
      54.62,
      60.79,
      65.83,
      70.74,
      71.8,
      74.26,
      74.51,
      76.46,
      76.65,
      78.16,
      77.34,
      77.32,
      78.7,
      78.36,
      79.23,
      78.09,
      78.15,
      78.15,
      75.97,
      78.75
    ]
  }
}