{
  "config": {
    "run_name": "exp1_2_L4_K32",
    "out_dir": "./results",
    "seed": 42,
    "device": null,
    "bs_train": 128,
    "bs_test": 32,
    "batches": 500,
    "epochs": 50,
    "early_stopping": 5,
    "checkpoints": null,
    "lr": 0.001,
    "reg": 0.001,
    "filters_per_layer": [
      32
    ],
    "layers_per_block": 4,
    "pool_every": 2,
    "hidden_dims": [
      100
    ],
    "model_type": "cnn",
    "kw": {}
  },
  "results": {
    "num_epochs": 23,
    "train_loss": [
      1.7778129150800388,
      1.3950842307961506,
      1.2253244304291122,
      1.1064674648482475,
      1.0138684883142066,
      0.9483324417372798,
      0.8816521865937411,
      0.8318414035660532,
      0.7805597010780784,
      0.7452379140402655,
      0.7037110360687041,
      0.6684011661488077,
      0.6409448098648539,
      0.606831319039435,
      0.5817567234301506,
      0.5466298224675991,
      0.5255199202796077,
      0.4961256964127426,
      0.4782067073885437,
      0.45637856572485336,
      0.42634881724177115,
      0.40961754546903284,
      0.3867358273023839
    ],
    "train_acc": [
      35.908,
      50.552,
      57.434,
      62.21,
      65.62,
      67.932,
      70.54,
      72.444,
      74.118,
      75.482,
      76.968,
      78.246,
      79.396,
      80.774,
      81.63,
      82.85,
      83.682,
      84.858,
      85.268,
      86.288,
      87.406,
      88.12,
      88.902
    ],
    "test_loss": [
      1.4962974158338844,
      1.3715219564331225,
      1.2076544993982528,
      1.0629226782451422,
      1.0424648273867159,
      0.9623413442041927,
      0.9393203127117583,
      0.8899399662931887,
      0.8883049977473176,
      0.8816697196648143,
      0.8380438077944917,
      0.9124975735767962,
      0.8510360952002552,
      0.8267147632452626,
      0.8339387615458272,
      0.8334262965205378,
      0.8196881366804385,
      0.8434740771500828,
      0.8508503237090552,
      0.885037138344,
      0.907416534214355,
      0.950393310655801,
      0.9296721008638985
    ],
    "test_acc": [
      45.42,
      50.35,
      56.93,
      62.43,
      63.28,
      66.16,
      66.83,
      68.99,
      68.87,
      69.02,
      70.77,
      68.64,
      70.56,
      71.52,
      71.3,
      72.18,
      72.23,
      72.61,
      71.89,
      71.6,
      71.68,
      70.67,
      71.68
    ]
  }
}