{
  "config": {
    "run_name": "exp1_4",
    "out_dir": "./results",
    "seed": 42,
    "device": null,
    "bs_train": 128,
    "bs_test": 32,
    "batches": 500,
    "epochs": 50,
    "early_stopping": 5,
    "checkpoints": null,
    "lr": 0.001,
    "reg": 0.001,
    "filters_per_layer": [
      64,
      128,
      256
    ],
    "layers_per_block": 8,
    "pool_every": 8,
    "hidden_dims": [
      512
    ],
    "model_type": "resnet",
    "kw": {}
  },
  "results": {
    "num_epochs": 15,
    "train_loss": [
      1.6868787214274297,
      1.4585069228925973,
      1.367369636550279,
      1.3073874992482803,
      1.2624304529346164,
      1.2207893753600547,
      1.1901025099827505,
      1.1621143180695945,
      1.1345871156438843,
      1.1127038151406876,
      1.1002168960278602,
      1.0728661913396147,
      1.071271371201176,
      1.0391911862756285,
      1.4669390726272407
    ],
    "train_acc": [
      40.286,
      49.016,
      52.36,
      54.798,
      56.368,
      58.358,
      59.358,
      60.2,
      61.682,
      62.412,
      62.912,
      63.892,
      64.106,
      65.19,
      55.476
    ],
    "test_loss": [
      1.5230102725684072,
      1.4269028243165427,
      1.3362224960860354,
      1.289920633402876,
      1.2411136949024262,
      1.227887181428294,
      1.2026175614743948,
      1.197029009223365,
      1.1712528649991312,
      1.1414798821884984,
      1.1801452979493066,
      1.1604534616104711,
      1.1474807460468037,
      1.160774083754506,
      1.2184105782082286
    ],
    "test_acc": [
      44.86,
      49.03,
      51.99,
      54.26,
      56.12,
      56.06,
      57.0,
      57.02,
      57.87,
      59.48,
      57.34,
      58.55,
      59.34,
      58.23,
      56.95
    ]
  }
}