{
  "config": {
    "run_name": "exp1_4_L16_K32",
    "out_dir": "./results",
    "seed": 42,
    "device": null,
    "bs_train": 128,
    "bs_test": 32,
    "batches": 500,
    "epochs": 50,
    "early_stopping": 5,
    "checkpoints": null,
    "lr": 0.001,
    "reg": 0.001,
    "filters_per_layer": [
      32
    ],
    "layers_per_block": 16,
    "pool_every": 8,
    "hidden_dims": [
      100
    ],
    "model_type": "resnet",
    "kw": {}
  },
  "results": {
    "num_epochs": 21,
    "train_loss": [
      1.7890942389397975,
      1.4494612058410254,
      1.2969574751451498,
      1.1810338516979266,
      1.0701179993731895,
      0.989607314624445,
      0.9273147633313523,
      0.8903788872387098,
      0.8447688107600297,
      0.8080552163941171,
      0.7728742508937025,
      0.7366199247977313,
      0.7064761852516848,
      0.6691798356640369,
      0.641136328430127,
      0.6134480940716346,
      0.5943081750131934,
      0.5739959334321034,
      0.5454918042473171,
      0.5193168472908342,
      0.49255305170403113
    ],
    "train_acc": [
      36.388,
      48.732,
      54.422,
      59.002,
      63.268,
      66.33,
      68.43,
      69.914,
      71.596,
      72.844,
      74.446,
      75.672,
      76.78,
      78.212,
      79.382,
      80.212,
      81.452,
      81.902,
      82.998,
      84.11,
      85.098
    ],
    "test_loss": [
      1.5103959382151644,
      1.374605885138527,
      1.2746052780090429,
      1.1644371690841528,
      1.055224540896309,
      1.004722281005055,
      0.9927515614147003,
      0.9727563560961153,
      0.9134766417570388,
      0.9589680360909849,
      0.8795196191190531,
      0.8879909563940555,
      0.9118729461305819,
      0.8951107797721705,
      0.8717070967435075,
      0.8969562334564928,
      0.8805306139655007,
      0.890962141676071,
      0.9606330538519655,
      0.9607767794078912,
      0.9445276434619587
    ],
    "test_acc": [
      45.27,
      50.01,
      53.99,
      57.63,
      62.61,
      64.08,
      64.82,
      65.63,
      67.45,
      66.74,
      69.27,
      69.35,
      68.38,
      68.58,
      70.16,
      70.4,
      69.81,
      69.96,
      68.82,
      69.18,
      69.86
    ]
  }
}