{
  "config": {
    "run_name": "exp1_4",
    "out_dir": "./results",
    "seed": 42,
    "device": null,
    "bs_train": 128,
    "bs_test": 32,
    "batches": 500,
    "epochs": 50,
    "early_stopping": 5,
    "checkpoints": null,
    "lr": 0.001,
    "reg": 0.001,
    "filters_per_layer": [
      64,
      128,
      256
    ],
    "layers_per_block": 4,
    "pool_every": 4,
    "hidden_dims": [
      512
    ],
    "model_type": "resnet",
    "kw": {}
  },
  "results": {
    "num_epochs": 21,
    "train_loss": [
      1.6848094609692275,
      1.3516827779047935,
      1.1461213258526208,
      0.9901040350384724,
      0.876338236777069,
      0.789504495880488,
      0.7140739105851449,
      0.658457999339189,
      0.600788865476618,
      0.5530919988289513,
      0.5005102643881307,
      0.46489366286855827,
      0.417458925443842,
      0.3879089156151428,
      0.35338945743982747,
      0.322846002914869,
      0.29869538736160456,
      0.271801505113959,
      0.2500122864075634,
      0.23406268709608355,
      0.21738168589599297
    ],
    "train_acc": [
      39.5,
      52.74,
      60.968,
      67.094,
      71.298,
      74.764,
      77.348,
      79.792,
      81.672,
      83.784,
      85.678,
      87.268,
      89.036,
      90.268,
      91.55,
      92.908,
      93.81,
      94.754,
      95.67,
      96.112,
      96.554
    ],
    "test_loss": [
      1.4163642797988063,
      1.2584465050849671,
      1.10955710437732,
      1.0073972946157852,
      0.8899084628580477,
      0.8059887308091782,
      0.7757688031409876,
      0.711687572943136,
      0.6620882855722318,
      0.6750260715286571,
      0.620854570890387,
      0.6333216810569214,
      0.6659930131781977,
      0.6564959663266953,
      0.655643677940003,
      0.623076029098072,
      0.6802684205313461,
      0.6723206130841288,
      0.7485601111960868,
      0.6989903854200253,
      0.7656470681436527
    ],
    "test_acc": [
      48.47,
      54.87,
      60.05,
      64.25,
      68.96,
      72.31,
      72.94,
      74.9,
      76.74,
      77.41,
      78.28,
      78.39,
      78.09,
      77.99,
      79.31,
      80.3,
      78.82,
      78.75,
      78.55,
      78.14,
      78.45
    ]
  }
}