{
  "config": {
    "run_name": "exp1_3_L3_K64-128-256",
    "out_dir": "./results",
    "seed": 42,
    "device": null,
    "bs_train": 128,
    "bs_test": 32,
    "batches": 500,
    "epochs": 50,
    "early_stopping": 5,
    "checkpoints": null,
    "lr": 0.001,
    "reg": 0.001,
    "filters_per_layer": [
      64,
      128,
      256
    ],
    "layers_per_block": 3,
    "pool_every": 2,
    "hidden_dims": [
      100
    ],
    "model_type": "cnn",
    "kw": {}
  },
  "results": {
    "num_epochs": 6,
    "train_loss": [
      2.3031796421236392,
      2.3028136281406177,
      2.3027630382791506,
      2.3027512978409868,
      2.3027640065878554,
      2.3026998860146994
    ],
    "train_acc": [
      9.834,
      10.058,
      9.908,
      9.882,
      9.804,
      10.13
    ],
    "test_loss": [
      2.302693337297287,
      2.3026189811694358,
      2.302623290985156,
      2.302614460357081,
      2.3025982006670187,
      2.302706954578241
    ],
    "test_acc": [
      10.0,
      10.0,
      10.0,
      10.0,
      10.0,
      10.0
    ]
  }
}