{
  "config": {
    "run_name": "exp1_1_L16_K64",
    "out_dir": "./results",
    "seed": 42,
    "device": null,
    "bs_train": 128,
    "bs_test": 32,
    "batches": 1000,
    "epochs": 50,
    "early_stopping": 5,
    "checkpoints": null,
    "lr": 0.001,
    "reg": 0.001,
    "filters_per_layer": [
      64
    ],
    "layers_per_block": 16,
    "pool_every": 4,
    "hidden_dims": [
      100
    ],
    "model_type": "cnn",
    "kw": {}
  },
  "results": {
    "num_epochs": 6,
    "train_loss": [
      2.3031653772534617,
      2.302764100491848,
      2.3027908972767004,
      2.3027686225178905,
      2.302780450152619,
      2.3027636059714705
    ],
    "train_acc": [
      9.91,
      10.074,
      10.004,
      10.028,
      9.762,
      9.952
    ],
    "test_loss": [
      2.302777131144612,
      2.302723563136384,
      2.3026843588953962,
      2.3026618340525764,
      2.302635502129698,
      2.302656259780494
    ],
    "test_acc": [
      10.0,
      10.0,
      10.0,
      10.0,
      10.0,
      10.0
    ]
  }
}