{
  "config": {
    "run_name": "exp1_2_L8_K128",
    "out_dir": "./results",
    "seed": 42,
    "device": null,
    "bs_train": 128,
    "bs_test": 32,
    "batches": 500,
    "epochs": 50,
    "early_stopping": 5,
    "checkpoints": null,
    "lr": 0.001,
    "reg": 0.001,
    "filters_per_layer": [
      128
    ],
    "layers_per_block": 8,
    "pool_every": 2,
    "hidden_dims": [
      100
    ],
    "model_type": "cnn",
    "kw": {}
  },
  "results": {
    "num_epochs": 6,
    "train_loss": [
      2.303171448695385,
      2.302850404968652,
      2.3028048072629574,
      2.3027899057968804,
      2.3027343176819786,
      2.3027288919824467
    ],
    "train_acc": [
      9.962,
      9.862,
      9.822,
      9.798,
      9.968,
      9.808
    ],
    "test_loss": [
      2.3026890701379257,
      2.3027367797522498,
      2.302622904792761,
      2.3025939030388294,
      2.3026218162938807,
      2.302623623095381
    ],
    "test_acc": [
      10.0,
      10.0,
      10.0,
      10.0,
      10.0,
      10.0
    ]
  }
}