{
  "config": {
    "run_name": "exp1_1",
    "out_dir": "./results",
    "seed": 42,
    "device": null,
    "bs_train": 128,
    "bs_test": 32,
    "batches": 500,
    "epochs": 50,
    "early_stopping": 5,
    "checkpoints": null,
    "lr": 0.001,
    "reg": 0.001,
    "filters_per_layer": [
      64
    ],
    "layers_per_block": 4,
    "pool_every": 3,
    "hidden_dims": [
      512
    ],
    "model_type": "cnn",
    "kw": {}
  },
  "results": {
    "num_epochs": 12,
    "train_loss": [
      1.5607469834939902,
      1.1730183913274799,
      1.0021139323863837,
      0.8869755711701824,
      0.7771590085285703,
      0.6810630786296962,
      0.5941659664863821,
      0.5118632501805834,
      0.434889587599908,
      0.37306701538660336,
      0.30627583904796857,
      0.26943548158992586
    ],
    "train_acc": [
      45.768,
      60.822,
      67.42,
      71.868,
      76.544,
      80.598,
      83.86,
      87.458,
      90.766,
      93.076,
      95.272,
      96.432
    ],
    "test_loss": [
      1.3161129915295318,
      1.084061661848245,
      0.9734158047471946,
      0.9257127901616569,
      0.8884915840892366,
      0.8258720042225652,
      0.8002619979480585,
      0.8431079508587956,
      0.8679093909911073,
      0.8854327214221223,
      0.9952639705076004,
      1.0217334497660493
    ],
    "test_acc": [
      51.96,
      61.13,
      64.78,
      67.29,
      69.1,
      71.37,
      72.86,
      71.61,
      71.98,
      71.98,
      70.82,
      71.59
    ]
  }
}