{
  "config": {
    "run_name": "exp1_3",
    "out_dir": "./results",
    "seed": 42,
    "device": null,
    "bs_train": 128,
    "bs_test": 32,
    "batches": 500,
    "epochs": 50,
    "early_stopping": 5,
    "checkpoints": null,
    "lr": 0.001,
    "reg": 0.001,
    "filters_per_layer": [
      64,
      128
    ],
    "layers_per_block": 3,
    "pool_every": 3,
    "hidden_dims": [
      512
    ],
    "model_type": "cnn",
    "kw": {}
  },
  "results": {
    "num_epochs": 13,
    "train_loss": [
      1.7721836158381703,
      1.3411801045812914,
      1.1147479128349773,
      0.9476773533064996,
      0.8254513847248633,
      0.7305672002570404,
      0.6373881170206972,
      0.565366568162923,
      0.48735766512963474,
      0.41959001543119434,
      0.3626255491353057,
      0.31510689606904374,
      0.2767718677096965
    ],
    "train_acc": [
      36.09,
      53.352,
      62.372,
      69.296,
      73.996,
      78.036,
      81.628,
      84.542,
      87.634,
      90.372,
      92.488,
      94.218,
      95.426
    ],
    "test_loss": [
      1.4815930169992173,
      1.202509985564235,
      1.0856716053935285,
      0.9864638344929241,
      0.9974598661779215,
      0.9165402663211091,
      0.9033375019653918,
      0.8986039107409529,
      0.9730488421817938,
      0.9877647063412225,
      1.041502371858865,
      1.1838022874186214,
      1.155960012929508
    ],
    "test_acc": [
      44.91,
      56.93,
      61.24,
      65.21,
      65.65,
      68.75,
      69.6,
      70.04,
      69.92,
      69.91,
      69.92,
      67.78,
      69.02
    ]
  }
}