{
  "config": {
    "run_name": "exp1_2_L4_K64",
    "out_dir": "./results",
    "seed": 42,
    "device": null,
    "bs_train": 128,
    "bs_test": 32,
    "batches": 500,
    "epochs": 50,
    "early_stopping": 5,
    "checkpoints": null,
    "lr": 0.001,
    "reg": 0.001,
    "filters_per_layer": [
      64
    ],
    "layers_per_block": 4,
    "pool_every": 2,
    "hidden_dims": [
      100
    ],
    "model_type": "cnn",
    "kw": {}
  },
  "results": {
    "num_epochs": 15,
    "train_loss": [
      1.6207014008251297,
      1.2126675051496463,
      1.031856456985864,
      0.9062118071424382,
      0.8101360834468051,
      0.7412325168966942,
      0.6777750048643488,
      0.6201899015842496,
      0.5756337283669836,
      0.5217028195443361,
      0.483855602838804,
      0.4471162053782617,
      0.41246257036390815,
      0.3778166363153921,
      0.3404060750056411
    ],
    "train_acc": [
      42.462,
      57.97,
      65.02,
      69.69,
      73.262,
      76.112,
      78.33,
      80.506,
      82.196,
      84.304,
      85.632,
      87.276,
      88.464,
      89.818,
      91.178
    ],
    "test_loss": [
      1.3926927300687797,
      1.1700133368991816,
      1.0059096087662938,
      0.8933249522512332,
      0.867409641179033,
      0.8273229080076796,
      0.7929211136060782,
      0.819124478787279,
      0.8038108648773962,
      0.7630203803316854,
      0.7833401418912905,
      0.8049693551307289,
      0.8414773802978163,
      0.8391917611177737,
      0.9602121728868149
    ],
    "test_acc": [
      48.74,
      57.77,
      64.24,
      68.56,
      69.95,
      71.15,
      72.34,
      71.98,
      72.59,
      74.62,
      74.15,
      73.06,
      72.55,
      73.6,
      71.67
    ]
  }
}