{
  "config": {
    "run_name": "exp1_4",
    "out_dir": "./results",
    "seed": 42,
    "device": null,
    "bs_train": 128,
    "bs_test": 32,
    "batches": 500,
    "epochs": 50,
    "early_stopping": 5,
    "checkpoints": null,
    "lr": 0.001,
    "reg": 0.001,
    "filters_per_layer": [
      32
    ],
    "layers_per_block": 8,
    "pool_every": 3,
    "hidden_dims": [
      512
    ],
    "model_type": "resnet",
    "kw": {}
  },
  "results": {
    "num_epochs": 16,
    "train_loss": [
      1.5619971258256136,
      1.188985024114399,
      0.9919868533873497,
      0.8571415314893893,
      0.7598198130917366,
      0.6869699060154693,
      0.6213732354171441,
      0.5691059622008477,
      0.5104460044742545,
      0.45795159754545794,
      0.40763286762225354,
      0.3544106550152649,
      0.312599192552097,
      0.2744685705093777,
      0.23717915855557717,
      0.21344707929112416
    ],
    "train_acc": [
      44.8,
      59.112,
      66.786,
      71.622,
      75.372,
      78.356,
      80.742,
      82.87,
      85.326,
      87.324,
      89.37,
      91.704,
      93.304,
      94.692,
      95.972,
      96.864
    ],
    "test_loss": [
      1.3146991150828595,
      1.0627700886406457,
      0.9624188854671515,
      0.8786640821363979,
      0.7673040314223438,
      0.7474552405337556,
      0.6987514129271523,
      0.7511052136984877,
      0.7286351172687908,
      0.7168041547171224,
      0.6985734765902876,
      0.7212588590935777,
      0.742451366905968,
      0.7840491402834749,
      0.815630562674885,
      0.8533838732174029
    ],
    "test_acc": [
      52.43,
      62.15,
      66.53,
      69.2,
      73.46,
      73.92,
      76.1,
      73.83,
      75.38,
      75.62,
      77.22,
      76.86,
      76.91,
      75.68,
      76.08,
      76.58
    ]
  }
}