{
  "config": {
    "run_name": "exp1_3",
    "out_dir": "./results",
    "seed": 42,
    "device": null,
    "bs_train": 128,
    "bs_test": 32,
    "batches": 500,
    "epochs": 50,
    "early_stopping": 5,
    "checkpoints": null,
    "lr": 0.001,
    "reg": 0.001,
    "filters_per_layer": [
      64,
      128,
      256
    ],
    "layers_per_block": 2,
    "pool_every": 3,
    "hidden_dims": [
      512
    ],
    "model_type": "cnn",
    "kw": {}
  },
  "results": {
    "num_epochs": 6,
    "train_loss": [
      2.302979281491331,
      2.3027272730532204,
      2.3027094977591043,
      2.302711789260435,
      2.302740582419783,
      2.3027421592751427
    ],
    "train_acc": [
      10.044,
      9.842,
      9.638,
      9.8,
      10.044,
      9.966
    ],
    "test_loss": [
      2.3025992495564225,
      2.302600482020515,
      2.30261056339398,
      2.302599139106921,
      2.302602907339224,
      2.302589891055902
    ],
    "test_acc": [
      10.0,
      10.0,
      10.0,
      10.0,
      10.0,
      10.0
    ]
  }
}