{
  "config": {
    "run_name": "exp1_4",
    "out_dir": "./results",
    "seed": 42,
    "device": null,
    "bs_train": 128,
    "bs_test": 32,
    "batches": 500,
    "epochs": 50,
    "early_stopping": 5,
    "checkpoints": null,
    "lr": 0.001,
    "reg": 0.001,
    "filters_per_layer": [
      32
    ],
    "layers_per_block": 16,
    "pool_every": 3,
    "hidden_dims": [
      512
    ],
    "model_type": "resnet",
    "kw": {}
  },
  "results": {
    "num_epochs": 31,
    "train_loss": [
      1.7838177577308987,
      1.4164578131092784,
      1.2368775156452834,
      1.1078336732771696,
      1.008876734072595,
      0.9195752770394621,
      0.8451254677284709,
      0.7902048431394045,
      0.7459447633122545,
      0.7071875920685966,
      0.6776224624775254,
      0.6437419062227849,
      0.6175929542697604,
      0.583022806116992,
      0.5676912431369352,
      0.5523239310897524,
      0.5299848631367354,
      0.5125992675419049,
      0.4901101966495709,
      0.46692339744409334,
      0.45724282720509696,
      0.44767786966412876,
      0.4238070393233653,
      0.42061082317548637,
      0.41305550883340714,
      0.39131247734322266,
      0.3980315053249564,
      0.37848672777642983,
      0.36254640986852327,
      0.3499514399205937,
      0.3452359683754499
    ],
    "train_acc": [
      33.886,
      48.816,
      56.65,
      61.708,
      65.428,
      68.76,
      71.492,
      73.714,
      75.296,
      76.89,
      78.08,
      79.19,
      80.144,
      81.534,
      82.246,
      82.682,
      83.66,
      84.168,
      84.992,
      85.866,
      86.098,
      86.638,
      87.46,
      87.694,
      88.032,
      88.79,
      88.546,
      89.254,
      89.726,
      90.148,
      90.376
    ],
    "test_loss": [
      1.4806135790035748,
      1.3223422430574703,
      1.1713328243444523,
      1.0762898883880518,
      0.9832771302412112,
      0.930203704597851,
      0.8622667288627869,
      0.8855846031976584,
      0.8896312831689756,
      0.7615122046714393,
      0.7438515601828456,
      0.7506518012608964,
      0.731328306582789,
      0.7310286195704732,
      0.7056341700660534,
      0.7436780550609381,
      0.6964118266448426,
      0.6859539333052529,
      0.6792609112712141,
      0.7373632954332394,
      0.7147099127689489,
      0.6852829990485987,
      0.6914130545462283,
      0.7596242069817198,
      0.7059684471486095,
      0.6983893071881498,
      0.7100625792250466,
      0.7287971164567021,
      0.7578396144004675,
      0.7480172194040622,
      0.7518368851833831
    ],
    "test_acc": [
      44.56,
      50.49,
      57.51,
      61.1,
      65.45,
      66.99,
      69.85,
      68.98,
      69.01,
      73.7,
      73.78,
      73.68,
      75.05,
      75.51,
      75.93,
      75.21,
      75.87,
      77.08,
      76.9,
      75.21,
      76.22,
      77.19,
      77.54,
      75.47,
      77.25,
      77.66,
      77.29,
      76.58,
      76.09,
      76.64,
      76.32
    ]
  }
}