{
  "config": {
    "run_name": "exp1_1_L8_K64",
    "out_dir": "./results",
    "seed": 42,
    "device": null,
    "bs_train": 128,
    "bs_test": 32,
    "batches": 1000,
    "epochs": 50,
    "early_stopping": 5,
    "checkpoints": null,
    "lr": 0.001,
    "reg": 0.001,
    "filters_per_layer": [
      64
    ],
    "layers_per_block": 8,
    "pool_every": 4,
    "hidden_dims": [
      100
    ],
    "model_type": "cnn",
    "kw": {}
  },
  "results": {
    "num_epochs": 6,
    "train_loss": [
      2.3033196895628634,
      2.3028050865358707,
      2.302743951987732,
      2.3027480148598363,
      2.3027332121758817,
      2.3027115105972875
    ],
    "train_acc": [
      10.13,
      9.968,
      9.804,
      9.94,
      10.05,
      9.794
    ],
    "test_loss": [
      2.3027523820773483,
      2.302650180487587,
      2.3026341980638594,
      2.302607019869283,
      2.3026037444702734,
      2.3025925220392
    ],
    "test_acc": [
      10.0,
      10.0,
      10.0,
      10.0,
      10.0,
      10.0
    ]
  }
}