{
  "config": {
    "run_name": "exp1_4",
    "out_dir": "./results",
    "seed": 42,
    "device": null,
    "bs_train": 128,
    "bs_test": 32,
    "batches": 500,
    "epochs": 50,
    "early_stopping": 5,
    "checkpoints": null,
    "lr": 0.001,
    "reg": 0.001,
    "filters_per_layer": [
      64,
      128,
      256
    ],
    "layers_per_block": 2,
    "pool_every": 2,
    "hidden_dims": [
      512
    ],
    "model_type": "resnet",
    "kw": {}
  },
  "results": {
    "num_epochs": 17,
    "train_loss": [
      1.5360760944883536,
      1.0707625025678473,
      0.8782198531243502,
      0.7594210770733826,
      0.6511134477070225,
      0.5668131899650749,
      0.5091898872724274,
      0.44929280583663367,
      0.40284216499237147,
      0.3629943397648804,
      0.3238229497009531,
      0.2864856920812441,
      0.26052444216692844,
      0.2420283515968591,
      0.21511225682466537,
      0.20580512592021158,
      0.18812544349476198
    ],
    "train_acc": [
      45.572,
      64.02,
      71.642,
      76.11,
      80.362,
      83.704,
      85.69,
      88.254,
      89.764,
      91.426,
      92.82,
      94.388,
      95.242,
      95.906,
      96.714,
      97.152,
      97.586
    ],
    "test_loss": [
      1.2193807942417865,
      0.9458406514253098,
      0.852646063882322,
      0.76048794331642,
      0.6968189173232252,
      0.6467624871304241,
      0.6258117491349625,
      0.6986567463261631,
      0.6070372619377539,
      0.6142499496856817,
      0.639574807958481,
      0.6214755559072327,
      0.6922814772485163,
      0.6397482120571807,
      0.7400573259963396,
      0.6944906291441796,
      0.6535805289547283
    ],
    "test_acc": [
      55.83,
      66.33,
      69.74,
      73.67,
      76.14,
      77.26,
      78.76,
      76.84,
      79.32,
      79.64,
      79.36,
      80.37,
      79.13,
      79.8,
      79.44,
      80.34,
      80.22
    ]
  }
}