{
  "config": {
    "run_name": "exp1_3",
    "out_dir": "./results",
    "seed": 42,
    "device": null,
    "bs_train": 128,
    "bs_test": 32,
    "batches": 500,
    "epochs": 50,
    "early_stopping": 5,
    "checkpoints": null,
    "lr": 0.001,
    "reg": 0.001,
    "filters_per_layer": [
      64,
      128,
      256
    ],
    "layers_per_block": 3,
    "pool_every": 3,
    "hidden_dims": [
      512
    ],
    "model_type": "cnn",
    "kw": {}
  },
  "results": {
    "num_epochs": 6,
    "train_loss": [
      2.3028719217880913,
      2.3027202418393187,
      2.30269459263443,
      2.30269491093238,
      2.30270494402522,
      2.302702103124555
    ],
    "train_acc": [
      10.112,
      9.84,
      9.766,
      9.788,
      9.85,
      10.068
    ],
    "test_loss": [
      2.302610930543357,
      2.302604893145089,
      2.302592934130099,
      2.302588650212882,
      2.3026042213074316,
      2.302626577809977
    ],
    "test_acc": [
      10.0,
      10.0,
      10.0,
      10.0,
      10.0,
      10.0
    ]
  }
}