{
  "config": {
    "run_name": "exp1_1_L16_K32",
    "out_dir": "./results",
    "seed": 42,
    "device": null,
    "bs_train": 128,
    "bs_test": 32,
    "batches": 1000,
    "epochs": 50,
    "early_stopping": 5,
    "checkpoints": null,
    "lr": 0.001,
    "reg": 0.001,
    "filters_per_layer": [
      32
    ],
    "layers_per_block": 16,
    "pool_every": 4,
    "hidden_dims": [
      100
    ],
    "model_type": "cnn",
    "kw": {}
  },
  "results": {
    "num_epochs": 6,
    "train_loss": [
      2.303065590846264,
      2.302858457540917,
      2.3028162952579194,
      2.302782191035083,
      2.3027491258538286,
      2.302720011957466
    ],
    "train_acc": [
      10.084,
      10.086,
      9.896,
      10.036,
      10.152,
      9.914
    ],
    "test_loss": [
      2.302728969068192,
      2.3027154470023254,
      2.302688216249021,
      2.302651671936718,
      2.302637462037059,
      2.3027056078560437
    ],
    "test_acc": [
      10.0,
      10.0,
      10.0,
      10.0,
      10.0,
      10.0
    ]
  }
}