{
  "config": {
    "run_name": "exp1_1",
    "out_dir": "./results",
    "seed": 42,
    "device": null,
    "bs_train": 128,
    "bs_test": 32,
    "batches": 500,
    "epochs": 50,
    "early_stopping": 5,
    "checkpoints": null,
    "lr": 0.001,
    "reg": 0.001,
    "filters_per_layer": [
      32
    ],
    "layers_per_block": 8,
    "pool_every": 3,
    "hidden_dims": [
      512
    ],
    "model_type": "cnn",
    "kw": {}
  },
  "results": {
    "num_epochs": 6,
    "train_loss": [
      2.3029351386877583,
      2.3027190552343186,
      2.3027191296257934,
      2.302699992114016,
      2.302713544777287,
      2.302712491711082
    ],
    "train_acc": [
      10.008,
      10.06,
      9.968,
      9.884,
      9.964,
      9.912
    ],
    "test_loss": [
      2.3026435954121354,
      2.3025976019545484,
      2.302596495936092,
      2.302591311665008,
      2.3026119840030854,
      2.302596828808038
    ],
    "test_acc": [
      10.0,
      10.0,
      10.0,
      10.0,
      10.0,
      10.0
    ]
  }
}