{
  "config": {
    "run_name": "exp1_1_L8_K32",
    "out_dir": "./results",
    "seed": 42,
    "device": null,
    "bs_train": 128,
    "bs_test": 32,
    "batches": 1000,
    "epochs": 50,
    "early_stopping": 5,
    "checkpoints": null,
    "lr": 0.001,
    "reg": 0.001,
    "filters_per_layer": [
      32
    ],
    "layers_per_block": 8,
    "pool_every": 4,
    "hidden_dims": [
      100
    ],
    "model_type": "cnn",
    "kw": {}
  },
  "results": {
    "num_epochs": 6,
    "train_loss": [
      2.303043689264361,
      2.3027691956981062,
      2.302727624278544,
      2.3027478886382355,
      2.302709391659788,
      2.302681007043785
    ],
    "train_acc": [
      10.004,
      9.904,
      9.926,
      9.918,
      9.94,
      10.074
    ],
    "test_loss": [
      2.3028056819598897,
      2.3026514388501833,
      2.302608882276395,
      2.3025941277464357,
      2.30259424124282,
      2.30260629775806
    ],
    "test_acc": [
      10.0,
      10.0,
      10.0,
      10.0,
      10.0,
      10.0
    ]
  }
}