{
  "config": {
    "run_name": "exp1_4_L8_K32",
    "out_dir": "./results",
    "seed": 42,
    "device": null,
    "bs_train": 128,
    "bs_test": 32,
    "batches": 500,
    "epochs": 50,
    "early_stopping": 5,
    "checkpoints": null,
    "lr": 0.001,
    "reg": 0.001,
    "filters_per_layer": [
      32
    ],
    "layers_per_block": 8,
    "pool_every": 4,
    "hidden_dims": [
      100
    ],
    "model_type": "resnet",
    "kw": {}
  },
  "results": {
    "num_epochs": 22,
    "train_loss": [
      1.6553179912859826,
      1.332904984883945,
      1.1719720057209435,
      1.0660662498620466,
      0.9726263295354136,
      0.8911834331729528,
      0.8181421913759178,
      0.757456117426343,
      0.6994623406158994,
      0.6523261185344833,
      0.6022018994516729,
      0.5594952986063555,
      0.5313394734316774,
      0.4919110825452048,
      0.4661071064222194,
      0.43595883189259893,
      0.39890003951309283,
      0.3783284433738655,
      0.3522684314786016,
      0.32341335107908226,
      0.311767759073116,
      0.2889498904957186
    ],
    "train_acc": [
      41.072,
      53.238,
      59.564,
      63.484,
      67.296,
      70.352,
      73.146,
      75.406,
      77.412,
      79.234,
      81.05,
      82.584,
      83.636,
      85.006,
      86.23,
      87.392,
      88.83,
      89.682,
      90.49,
      91.754,
      92.152,
      92.952
    ],
    "test_loss": [
      1.4105573085169443,
      1.260746203862821,
      1.1534523674474357,
      1.0480092173567215,
      1.0296337758771146,
      1.0482111721754837,
      0.8616479057283066,
      0.844512791393664,
      0.82561651929118,
      0.802083654192309,
      0.7734393683104469,
      0.7817241278128882,
      0.7985960959245603,
      0.8194917793662403,
      0.799097476818691,
      0.822425835524885,
      0.8194398991406535,
      0.8730143174862328,
      0.8650233993134179,
      0.8836713211414532,
      0.9376307664968716,
      0.944714615615412
    ],
    "test_acc": [
      48.95,
      54.59,
      58.78,
      62.99,
      64.02,
      63.08,
      69.82,
      70.59,
      71.61,
      72.19,
      73.23,
      73.37,
      73.3,
      73.06,
      73.66,
      73.24,
      73.97,
      73.66,
      72.98,
      73.72,
      73.42,
      72.78
    ]
  }
}