{
  "config": {
    "run_name": "exp1_4",
    "out_dir": "./results",
    "seed": 42,
    "device": null,
    "bs_train": 128,
    "bs_test": 32,
    "batches": 500,
    "epochs": 50,
    "early_stopping": 5,
    "checkpoints": null,
    "lr": 0.001,
    "reg": 0.001,
    "filters_per_layer": [
      32
    ],
    "layers_per_block": 32,
    "pool_every": 6,
    "hidden_dims": [
      512
    ],
    "model_type": "resnet",
    "kw": {}
  },
  "results": {
    "num_epochs": 40,
    "train_loss": [
      1.910380577492287,
      1.6011656882512906,
      1.5014889749419658,
      1.4321205036719438,
      1.3686909876820985,
      1.3183440159043998,
      1.2673253077070425,
      1.2165015246862037,
      1.1767279234383723,
      1.1426036828924018,
      1.1061921011456444,
      1.0835735576841838,
      1.0525621047715092,
      1.0284574673608746,
      1.0154400048658365,
      0.9897381468197269,
      0.9739640792617408,
      0.9654024305855832,
      0.941565152019491,
      0.9298692139823114,
      0.9133068682897426,
      0.9064694120146125,
      0.8998308757991742,
      0.8819688035703986,
      0.8741784425037901,
      0.8670511992691118,
      0.850463779076286,
      0.8453859824048894,
      0.8382632313177104,
      0.8322371979198797,
      0.8149075819098431,
      0.8144050156673812,
      0.8074499746722639,
      0.7988451063785407,
      0.7977375897300213,
      0.7898288442350715,
      0.7869820686252526,
      0.7733551257711542,
      0.7654194513245312,
      0.7703417577706945
    ],
    "train_acc": [
      29.716,
      41.388,
      45.466,
      48.478,
      50.984,
      53.014,
      55.118,
      57.084,
      58.904,
      60.146,
      61.21,
      62.52,
      63.316,
      64.442,
      65.248,
      65.842,
      66.406,
      66.87,
      67.664,
      68.21,
      68.584,
      68.854,
      69.258,
      69.96,
      70.314,
      70.56,
      71.16,
      71.338,
      71.582,
      71.876,
      72.564,
      72.27,
      72.784,
      73.118,
      72.984,
      73.346,
      73.4,
      73.796,
      74.33,
      74.052
    ],
    "test_loss": [
      1.627327785705225,
      1.529361603359064,
      1.4351362416538567,
      1.3438604525483835,
      1.3234840161122454,
      1.274490562681192,
      1.2337237000465393,
      1.1967296476562184,
      1.156353972019098,
      1.1457677986294317,
      1.0999128995612026,
      1.0768222972607842,
      1.1072282454076285,
      1.074443700976265,
      1.0631707224982996,
      1.03596667169382,
      1.0440532523222243,
      1.072685608848596,
      0.9920861980023856,
      0.9722038974015477,
      0.9778043196414606,
      0.9612414836883545,
      0.9719845187930635,
      0.9463520402344652,
      0.9689212378602439,
      0.9693998122177185,
      0.9362523785223976,
      0.9488568431653154,
      0.9676038133450591,
      0.9117523668863522,
      0.8940743399313844,
      0.9069068329974105,
      0.9564989747140354,
      0.9155173255041384,
      0.8852863656446195,
      0.8853003751165189,
      0.8873441381195483,
      0.9028267577623788,
      0.9018520905186955,
      0.9040241628980484
    ],
    "test_acc": [
      39.82,
      43.83,
      46.88,
      50.65,
      51.84,
      54.19,
      55.21,
      56.81,
      57.91,
      58.86,
      59.99,
      61.7,
      60.4,
      61.19,
      61.71,
      63.5,
      62.84,
      61.63,
      64.75,
      64.95,
      65.0,
      65.62,
      65.46,
      66.51,
      65.88,
      66.08,
      66.55,
      66.16,
      66.3,
      67.73,
      68.32,
      68.04,
      66.8,
      67.75,
      69.03,
      68.67,
      68.7,
      68.25,
      67.76,
      67.99
    ]
  }
}