{
  "config": {
    "run_name": "exp1_1_L4_K64",
    "out_dir": "./results",
    "seed": 42,
    "device": null,
    "bs_train": 128,
    "bs_test": 32,
    "batches": 1000,
    "epochs": 50,
    "early_stopping": 5,
    "checkpoints": null,
    "lr": 0.001,
    "reg": 0.001,
    "filters_per_layer": [
      64
    ],
    "layers_per_block": 4,
    "pool_every": 4,
    "hidden_dims": [
      100
    ],
    "model_type": "cnn",
    "kw": {}
  },
  "results": {
    "num_epochs": 14,
    "train_loss": [
      1.5731946467743505,
      1.2168416350393954,
      1.030496254906325,
      0.8885369896888733,
      0.7851634071306195,
      0.7016100545825861,
      0.6274613490342484,
      0.5478358355629475,
      0.4810423068988049,
      0.41435363557180177,
      0.3671325719569955,
      0.31404344912837534,
      0.2779476619361307,
      0.24261160353031916
    ],
    "train_acc": [
      44.488,
      58.602,
      65.926,
      71.372,
      75.402,
      78.554,
      81.512,
      84.774,
      87.416,
      90.08,
      91.822,
      93.77,
      95.166,
      96.328
    ],
    "test_loss": [
      1.3282096888691473,
      1.2124199943420606,
      1.004950277721539,
      0.925182958570913,
      0.9042154442007169,
      0.9353554920076181,
      0.9169935145126745,
      0.9321574228830611,
      0.9302874178932117,
      1.0659551876611983,
      1.0481113470590915,
      1.1307646139932517,
      1.1439061859926096,
      1.2344935107916688
    ],
    "test_acc": [
      50.85,
      56.94,
      64.25,
      67.43,
      68.68,
      68.58,
      68.98,
      69.2,
      69.27,
      67.43,
      68.45,
      67.69,
      69.26,
      68.56
    ]
  }
}