{
  "config": {
    "run_name": "exp1_4_L2_K64-128-256",
    "out_dir": "./results",
    "seed": 42,
    "device": null,
    "bs_train": 128,
    "bs_test": 32,
    "batches": 500,
    "epochs": 50,
    "early_stopping": 5,
    "checkpoints": null,
    "lr": 0.001,
    "reg": 0.001,
    "filters_per_layer": [
      64,
      128,
      256
    ],
    "layers_per_block": 2,
    "pool_every": 2,
    "hidden_dims": [
      512
    ],
    "model_type": "resnet",
    "kw": {}
  },
  "results": {
    "num_epochs": 20,
    "train_loss": [
      1.5381414134179234,
      1.0703264043459197,
      0.8668411296346913,
      0.7456019707500477,
      0.6382101993731526,
      0.5564601233090891,
      0.4914355372528896,
      0.4404319376896714,
      0.3921149291117173,
      0.3610282643600498,
      0.32088925813317604,
      0.28595317155122757,
      0.26122628009456506,
      0.24211106624673395,
      0.21205222318925515,
      0.1961000072948463,
      0.19161280236966774,
      0.17148203814349822,
      0.1738158743590345,
      0.16322162290058478
    ],
    "train_acc": [
      45.396,
      64.186,
      72.054,
      76.93,
      80.776,
      84.104,
      86.478,
      88.492,
      90.286,
      91.546,
      93.074,
      94.244,
      95.314,
      96.068,
      96.91,
      97.474,
      97.722,
      98.03,
      98.028,
      98.296
    ],
    "test_loss": [
      1.1866386995528833,
      0.953995363019145,
      0.8427486885279513,
      0.7849684503322212,
      0.6709204641774821,
      0.6730313863807593,
      0.6415575490401576,
      0.6777273690738617,
      0.6322586566400223,
      0.6737644293675789,
      0.6332954273056298,
      0.6444890948054128,
      0.6277828721192699,
      0.6352215043890971,
      0.6856153680684086,
      0.7561652084794669,
      0.6945309239549758,
      0.7416462359336999,
      0.7048867983273424,
      0.7520596788238032
    ],
    "test_acc": [
      57.27,
      65.72,
      69.83,
      72.98,
      76.63,
      76.66,
      78.05,
      77.34,
      78.75,
      78.28,
      79.41,
      79.77,
      80.32,
      80.22,
      80.46,
      79.09,
      79.4,
      79.26,
      79.89,
      80.26
    ]
  }
}