{
  "config": {
    "run_name": "exp1_4_L4_K64-128-256",
    "out_dir": "./results",
    "seed": 42,
    "device": null,
    "bs_train": 128,
    "bs_test": 32,
    "batches": 500,
    "epochs": 50,
    "early_stopping": 5,
    "checkpoints": null,
    "lr": 0.001,
    "reg": 0.001,
    "filters_per_layer": [
      64,
      128,
      256
    ],
    "layers_per_block": 4,
    "pool_every": 4,
    "hidden_dims": [
      512
    ],
    "model_type": "resnet",
    "kw": {}
  },
  "results": {
    "num_epochs": 23,
    "train_loss": [
      1.6718313828148805,
      1.3435038184875723,
      1.1412010958127659,
      0.9880516036697056,
      0.8736973973491308,
      0.788388415980522,
      0.7176217567890196,
      0.655941946960776,
      0.59950621475649,
      0.5525782792007222,
      0.5060140762640082,
      0.47667419399751726,
      0.428157053487685,
      0.3929111231928286,
      0.36271285610583126,
      0.3312334100456189,
      0.29535959611463425,
      0.27825058861385527,
      0.2509094676588807,
      0.23821051958043252,
      0.21946852796179864,
      0.20095412082531872,
      0.19918295943066286
    ],
    "train_acc": [
      39.898,
      53.2,
      61.076,
      67.206,
      71.636,
      74.914,
      77.276,
      79.798,
      81.894,
      83.772,
      85.474,
      86.794,
      88.69,
      90.066,
      91.43,
      92.542,
      93.97,
      94.642,
      95.628,
      95.996,
      96.648,
      97.226,
      97.332
    ],
    "test_loss": [
      1.4188370205723821,
      1.252316827781665,
      1.0652802028595068,
      0.9931878350413265,
      0.835180185282954,
      0.80583523628049,
      0.7618380599318982,
      0.7255797470910862,
      0.7105018867852207,
      0.6654150901130214,
      0.6683701115865677,
      0.6439173965694044,
      0.7032399087573011,
      0.6574848581807682,
      0.6815928524961106,
      0.6541421061601883,
      0.7545992255496522,
      0.6727480203056107,
      0.7287317870047908,
      0.7680047700485102,
      0.7356060748092663,
      0.7730185015799519,
      0.8376327783059769
    ],
    "test_acc": [
      48.51,
      55.56,
      61.45,
      64.79,
      70.4,
      72.03,
      73.51,
      74.54,
      75.68,
      77.2,
      77.46,
      78.0,
      76.28,
      77.87,
      77.26,
      78.64,
      77.89,
      78.96,
      77.69,
      76.99,
      78.83,
      77.31,
      76.43
    ]
  }
}