{
  "config": {
    "run_name": "exp1_1",
    "out_dir": "./results",
    "seed": 42,
    "device": null,
    "bs_train": 128,
    "bs_test": 32,
    "batches": 500,
    "epochs": 50,
    "early_stopping": 5,
    "checkpoints": null,
    "lr": 0.001,
    "reg": 0.001,
    "filters_per_layer": [
      64
    ],
    "layers_per_block": 16,
    "pool_every": 3,
    "hidden_dims": [
      512
    ],
    "model_type": "cnn",
    "kw": {}
  },
  "results": {
    "num_epochs": 6,
    "train_loss": [
      2.303479115371509,
      2.3029723399130586,
      2.3028454426914227,
      2.3028290174196444,
      2.302737323219514,
      2.3026711587100994
    ],
    "train_acc": [
      10.148,
      10.034,
      10.052,
      9.938,
      9.872,
      10.102
    ],
    "test_loss": [
      2.3033062322452045,
      2.3027731001186678,
      2.302677220048996,
      2.302598695023753,
      2.302600980185853,
      2.3029794746313614
    ],
    "test_acc": [
      10.0,
      10.0,
      10.0,
      10.0,
      10.0,
      10.0
    ]
  }
}