{
  "config": {
    "run_name": "exp1_2",
    "out_dir": "./results",
    "seed": 42,
    "device": null,
    "bs_train": 128,
    "bs_test": 32,
    "batches": 500,
    "epochs": 50,
    "early_stopping": 5,
    "checkpoints": null,
    "lr": 0.001,
    "reg": 0.001,
    "filters_per_layer": [
      128
    ],
    "layers_per_block": 4,
    "pool_every": 3,
    "hidden_dims": [
      512
    ],
    "model_type": "cnn",
    "kw": {}
  },
  "results": {
    "num_epochs": 13,
    "train_loss": [
      1.579528266816493,
      1.180597907137078,
      0.975165310570651,
      0.8289347958686711,
      0.7144255141163116,
      0.6191567823557598,
      0.5224498298466967,
      0.44374299434292347,
      0.3815474314686587,
      0.3100500609678076,
      0.2678250715212749,
      0.23893036367490772,
      0.21192529549836503
    ],
    "train_acc": [
      44.822,
      60.774,
      69.112,
      74.922,
      79.49,
      83.324,
      87.572,
      90.666,
      92.994,
      95.4,
      96.562,
      97.328,
      98.1
    ],
    "test_loss": [
      1.2649226666639408,
      1.085920054691668,
      0.9890484067197806,
      0.8755256209891444,
      0.9437875658178482,
      0.8509298404946495,
      0.8456915520821897,
      0.8593915646639876,
      0.9338564412852827,
      1.0065112451490121,
      1.1009829723225615,
      1.0529870917431463,
      1.0685092355496586
    ],
    "test_acc": [
      54.16,
      61.06,
      65.25,
      69.76,
      67.76,
      70.71,
      71.5,
      71.82,
      71.15,
      70.68,
      70.71,
      69.34,
      70.73
    ]
  }
}