{
  "config": {
    "run_name": "exp1_4",
    "out_dir": "./results",
    "seed": 42,
    "device": null,
    "bs_train": 128,
    "bs_test": 32,
    "batches": 500,
    "epochs": 50,
    "early_stopping": 5,
    "checkpoints": null,
    "lr": 0.001,
    "reg": 0.001,
    "filters_per_layer": [
      64,
      128,
      256
    ],
    "layers_per_block": 2,
    "pool_every": 4,
    "hidden_dims": [
      512
    ],
    "model_type": "resnet",
    "kw": {}
  },
  "results": {
    "num_epochs": 12,
    "train_loss": [
      1.5453457146349465,
      1.1252869577968823,
      0.9114308102661387,
      0.7765082402912247,
      0.670272893917835,
      0.5798795666840985,
      0.5005167973468371,
      0.4228038917417112,
      0.35707201566690067,
      0.2981012913081652,
      0.2545195413596185,
      0.22575775570119433
    ],
    "train_acc": [
      47.702,
      62.892,
      71.51,
      76.762,
      81.304,
      85.134,
      88.166,
      91.26,
      93.846,
      95.878,
      97.154,
      98.016
    ],
    "test_loss": [
      1.2321083183867483,
      1.0178964835005446,
      0.9859496436941738,
      0.8329283968328287,
      0.7761920782895134,
      0.7715834467746199,
      0.7309053559272815,
      0.7662696497032817,
      0.8688947816911977,
      0.8664942079077894,
      0.8998952312305712,
      0.9283885977710017
    ],
    "test_acc": [
      55.3,
      63.9,
      64.55,
      70.7,
      72.88,
      73.18,
      75.56,
      74.55,
      72.83,
      74.03,
      74.72,
      72.84
    ]
  }
}