{
  "config": {
    "run_name": "exp1_2",
    "out_dir": "./results",
    "seed": 42,
    "device": null,
    "bs_train": 128,
    "bs_test": 32,
    "batches": 500,
    "epochs": 50,
    "early_stopping": 5,
    "checkpoints": null,
    "lr": 0.001,
    "reg": 0.001,
    "filters_per_layer": [
      128
    ],
    "layers_per_block": 2,
    "pool_every": 3,
    "hidden_dims": [
      512
    ],
    "model_type": "cnn",
    "kw": {}
  },
  "results": {
    "num_epochs": 12,
    "train_loss": [
      1.5962313633135823,
      1.2974565504761912,
      1.2020506081373796,
      1.1282057899343387,
      1.0756505121050588,
      1.0179824306227057,
      0.9600309317983935,
      0.9000757909796732,
      0.8479126051563741,
      0.7830893549772785,
      0.7157559351390584,
      0.6568850986183147
    ],
    "train_acc": [
      45.918,
      56.126,
      59.454,
      62.406,
      64.706,
      67.148,
      69.758,
      72.092,
      74.432,
      77.014,
      79.986,
      82.41
    ],
    "test_loss": [
      1.338811915141706,
      1.273782745146523,
      1.2278085065345032,
      1.2167325484486053,
      1.1660488765841475,
      1.179526141466805,
      1.0967153537387666,
      1.1439943582105179,
      1.1430500305879612,
      1.1478779567316317,
      1.1945125178788036,
      1.2399550786795326
    ],
    "test_acc": [
      51.01,
      54.08,
      55.11,
      56.2,
      58.24,
      57.72,
      61.41,
      60.08,
      59.4,
      60.19,
      59.65,
      58.98
    ]
  }
}