{
  "config": {
    "run_name": "exp1_4",
    "out_dir": "./results",
    "seed": 42,
    "device": null,
    "bs_train": 128,
    "bs_test": 32,
    "batches": 500,
    "epochs": 50,
    "early_stopping": 5,
    "checkpoints": null,
    "lr": 0.001,
    "reg": 0.001,
    "filters_per_layer": [
      32
    ],
    "layers_per_block": 16,
    "pool_every": 3,
    "hidden_dims": [
      512
    ],
    "model_type": "resnet",
    "kw": {}
  },
  "results": {
    "num_epochs": 28,
    "train_loss": [
      1.795156752971737,
      1.4174377235305278,
      1.2181868260473852,
      1.0870021418537326,
      0.9982252842020196,
      0.909711605600079,
      0.846628860744369,
      0.7973315055717898,
      0.7551583691936015,
      0.7060646007737845,
      0.6771568349560203,
      0.6405625586467021,
      0.6148332011364305,
      0.5774493757111337,
      0.5622370910004276,
      0.5485265092624118,
      0.5230351906755696,
      0.5005768896521204,
      0.4821945631595524,
      0.464910119733847,
      0.4463901507961171,
      0.44127885520915544,
      0.42132645269946367,
      0.41075851812082176,
      0.40062218717754344,
      0.38740760953072695,
      0.37476029637676983,
      0.36498237311687615
    ],
    "train_acc": [
      33.508,
      48.994,
      57.338,
      62.456,
      65.984,
      69.16,
      71.476,
      73.446,
      75.168,
      77.044,
      78.198,
      79.478,
      80.586,
      81.87,
      82.466,
      83.07,
      83.91,
      84.806,
      85.402,
      86.012,
      86.816,
      87.048,
      87.696,
      88.18,
      88.472,
      88.886,
      89.488,
      89.806
    ],
    "test_loss": [
      1.527412110624222,
      1.302611234089056,
      1.1824092983056942,
      1.047377076011877,
      0.9979238584399605,
      0.9292932737368745,
      0.8511708313093399,
      0.8287461715193983,
      0.8671764726646412,
      0.8070106681543417,
      0.7904547016841535,
      0.7643041630712942,
      0.7818194802005451,
      0.7184398269500977,
      0.7172129410333907,
      0.6947157257757248,
      0.7218240463314727,
      0.706725147728341,
      0.6798947786751647,
      0.7015571289550001,
      0.6868544553225033,
      0.7000007840772026,
      0.7157591941733711,
      0.7168691841462931,
      0.7016241030095104,
      0.7178965464186745,
      0.7320872593325929,
      0.7183289262242972
    ],
    "test_acc": [
      42.84,
      51.57,
      57.58,
      61.81,
      64.89,
      67.23,
      69.84,
      70.88,
      70.3,
      71.84,
      72.82,
      72.99,
      73.54,
      75.68,
      75.21,
      76.58,
      75.68,
      76.91,
      77.5,
      76.83,
      77.11,
      77.3,
      77.56,
      76.8,
      77.46,
      77.37,
      77.0,
      77.26
    ]
  }
}