{
  "config": {
    "run_name": "exp1_1_L4_K32",
    "out_dir": "./results",
    "seed": 42,
    "device": null,
    "bs_train": 128,
    "bs_test": 32,
    "batches": 1000,
    "epochs": 50,
    "early_stopping": 5,
    "checkpoints": null,
    "lr": 0.001,
    "reg": 0.001,
    "filters_per_layer": [
      32
    ],
    "layers_per_block": 4,
    "pool_every": 4,
    "hidden_dims": [
      100
    ],
    "model_type": "cnn",
    "kw": {}
  },
  "results": {
    "num_epochs": 17,
    "train_loss": [
      1.6592103599587364,
      1.3253455584311424,
      1.173032935927896,
      1.0679725282027592,
      0.9854542501747151,
      0.9167720373634183,
      0.8387756045821988,
      0.7756896256790746,
      0.7120255251674701,
      0.6537346531210653,
      0.5966316492813627,
      0.5389425746925042,
      0.4897102015021512,
      0.44159050362036967,
      0.39991223716827307,
      0.3613635516151443,
      0.3287551301672026
    ],
    "train_acc": [
      40.974,
      53.972,
      60.074,
      63.936,
      67.122,
      69.856,
      72.748,
      75.324,
      77.716,
      80.128,
      82.386,
      84.294,
      86.38,
      88.26,
      90.004,
      91.626,
      92.648
    ],
    "test_loss": [
      1.4601923962370655,
      1.2450173228693466,
      1.1302093092245036,
      1.0622655960698477,
      1.0515196521442158,
      0.9942592679502104,
      0.9835617311846334,
      0.9341590711103079,
      0.9530902438270398,
      0.9801016427076663,
      0.987915213210895,
      0.9879337338784251,
      0.9992389933179362,
      1.0685004511009009,
      1.1368182018732491,
      1.16739428614656,
      1.249566852951202
    ],
    "test_acc": [
      47.89,
      55.24,
      59.49,
      62.29,
      62.47,
      64.88,
      65.06,
      66.99,
      67.12,
      67.0,
      66.87,
      67.21,
      67.18,
      66.47,
      66.72,
      66.62,
      65.81
    ]
  }
}