{
  "config": {
    "run_name": "exp1_4_L4_K64-128-256",
    "out_dir": "./results",
    "seed": 42,
    "device": null,
    "bs_train": 128,
    "bs_test": 32,
    "batches": 500,
    "epochs": 50,
    "early_stopping": 5,
    "checkpoints": null,
    "lr": 0.001,
    "reg": 0.001,
    "filters_per_layer": [
      64,
      128,
      256
    ],
    "layers_per_block": 4,
    "pool_every": 4,
    "hidden_dims": [
      100
    ],
    "model_type": "resnet",
    "kw": {}
  },
  "results": {
    "num_epochs": 23,
    "train_loss": [
      1.7872758984870618,
      1.4267581329321313,
      1.2383926108365169,
      1.1045012704246795,
      0.9975129123538962,
      0.9055567548403045,
      0.8378483893926186,
      0.7734170972233843,
      0.7218336376082867,
      0.6739951521539322,
      0.6295195142631336,
      0.5842163164902221,
      0.5506623619810089,
      0.5089620012608941,
      0.47825974142155075,
      0.44566330199351395,
      0.40771123557291983,
      0.38340983770387554,
      0.3497775059069514,
      0.3276900195557138,
      0.30307191522682414,
      0.2801935695245138,
      0.2619868830570479
    ],
    "train_acc": [
      34.65,
      48.92,
      57.328,
      62.352,
      66.484,
      69.912,
      72.4,
      74.82,
      76.932,
      78.454,
      80.42,
      81.99,
      83.314,
      85.052,
      85.942,
      87.712,
      89.012,
      89.894,
      91.308,
      92.068,
      93.036,
      94.098,
      94.684
    ],
    "test_loss": [
      1.5376277388856052,
      1.3078289963185978,
      1.1555848576771184,
      1.0419319850949054,
      1.0158425584768715,
      0.8912695801486603,
      0.8694326788091812,
      0.80924647475203,
      0.7805206426225912,
      0.7540173794324405,
      0.7575881046037705,
      0.7022475539304959,
      0.6843667869655469,
      0.6716468905964599,
      0.7013452880965254,
      0.6585317731570131,
      0.6630367021115062,
      0.6394980304157392,
      0.7478988560529563,
      0.6937203463226461,
      0.6651271453109412,
      0.6904760695065553,
      0.7947970196937981
    ],
    "test_acc": [
      42.04,
      52.78,
      58.68,
      62.97,
      63.74,
      68.53,
      69.28,
      71.73,
      72.79,
      74.16,
      73.56,
      75.92,
      76.57,
      77.38,
      76.81,
      78.2,
      77.85,
      79.28,
      76.83,
      77.95,
      78.15,
      78.5,
      76.94
    ]
  }
}