{
  "config": {
    "run_name": "exp1_2",
    "out_dir": "./results",
    "seed": 42,
    "device": null,
    "bs_train": 128,
    "bs_test": 32,
    "batches": 500,
    "epochs": 50,
    "early_stopping": 5,
    "checkpoints": null,
    "lr": 0.001,
    "reg": 0.001,
    "filters_per_layer": [
      64
    ],
    "layers_per_block": 8,
    "pool_every": 3,
    "hidden_dims": [
      512
    ],
    "model_type": "cnn",
    "kw": {}
  },
  "results": {
    "num_epochs": 6,
    "train_loss": [
      2.303011166775013,
      2.3027416531692078,
      2.3026978872011385,
      2.302718132658078,
      2.3026912730673086,
      2.302726160229929
    ],
    "train_acc": [
      9.904,
      9.986,
      9.678,
      9.904,
      9.928,
      9.93
    ],
    "test_loss": [
      2.3026541201070474,
      2.3025911935982992,
      2.3025960206223752,
      2.302608033719535,
      2.3025907007650064,
      2.302590386936078
    ],
    "test_acc": [
      10.0,
      10.0,
      10.0,
      10.0,
      10.0,
      10.0
    ]
  }
}