{
  "config": {
    "run_name": "exp1_4",
    "out_dir": "./results",
    "seed": 42,
    "device": null,
    "bs_train": 128,
    "bs_test": 32,
    "batches": 500,
    "epochs": 50,
    "early_stopping": 5,
    "checkpoints": null,
    "lr": 0.001,
    "reg": 0.001,
    "filters_per_layer": [
      64,
      128,
      256
    ],
    "layers_per_block": 8,
    "pool_every": 6,
    "hidden_dims": [
      512
    ],
    "model_type": "resnet",
    "kw": {}
  },
  "results": {
    "num_epochs": 35,
    "train_loss": [
      1.8405752367985524,
      1.5248032805255003,
      1.3942140843862159,
      1.3070694549614206,
      1.2315382143420637,
      1.1827282227213731,
      1.1415214902909516,
      1.1049201581484216,
      1.0714883929323358,
      1.0459621394686687,
      1.002343582070392,
      0.982141205721804,
      0.9605201610823726,
      0.9365297764768381,
      0.9136464699454929,
      0.8803832671221565,
      0.8668563896432862,
      0.8464291380799335,
      0.836949428176636,
      0.8172505610739179,
      0.8011277848497376,
      0.7889562299489365,
      0.7734900106249563,
      0.7688726108244923,
      0.7452771111827372,
      0.731569806023327,
      0.7198022863139277,
      0.7063068853467321,
      0.6924044164397832,
      0.680679139502518,
      0.6724770143056464,
      0.6543407225242966,
      0.6485441955154204,
      0.6388437137426928,
      0.6307766199721705
    ],
    "train_acc": [
      32.386,
      44.812,
      50.222,
      53.728,
      56.746,
      58.706,
      60.556,
      61.902,
      62.986,
      64.202,
      65.858,
      66.796,
      67.26,
      68.356,
      69.074,
      70.584,
      71.114,
      72.228,
      72.178,
      72.824,
      73.376,
      74.256,
      74.632,
      74.904,
      75.554,
      76.27,
      76.328,
      77.134,
      77.916,
      78.108,
      78.142,
      79.038,
      79.274,
      79.876,
      80.1
    ],
    "test_loss": [
      1.5859890285010536,
      1.4788502972727766,
      1.3855600825513894,
      1.336296568092066,
      1.2559811404337897,
      1.1437869947939254,
      1.167319837279213,
      1.127284990141567,
      1.0774970243152338,
      1.0250709782393215,
      1.0348790284162892,
      1.0123587313551492,
      0.9956686776666976,
      0.9606407956955151,
      0.9659038418398117,
      0.9475298267774308,
      0.8943298849434899,
      0.9630059102853648,
      0.9003782629395445,
      0.8628357757394687,
      0.8972872687033571,
      0.8636699679750985,
      0.8611021497950386,
      0.9045455047307304,
      0.8469488786432309,
      0.828936047256945,
      0.8689176539262644,
      0.8313188287206351,
      0.8037745638396412,
      0.7918305042833566,
      0.8413748114634627,
      0.803324990474378,
      0.8270206432372998,
      0.807383513964784,
      0.8126285060906944
    ],
    "test_acc": [
      40.44,
      45.65,
      49.24,
      51.28,
      54.07,
      58.94,
      57.93,
      59.56,
      61.23,
      63.43,
      62.72,
      64.1,
      64.79,
      65.22,
      65.36,
      66.84,
      68.26,
      65.42,
      68.15,
      69.84,
      68.15,
      69.67,
      69.45,
      67.74,
      70.12,
      71.03,
      69.61,
      70.68,
      71.63,
      72.18,
      69.94,
      71.76,
      70.78,
      71.27,
      71.95
    ]
  }
}