{
  "config": {
    "run_name": "exp1_4_L2_K64-128-256",
    "out_dir": "./results",
    "seed": 42,
    "device": null,
    "bs_train": 128,
    "bs_test": 32,
    "batches": 500,
    "epochs": 50,
    "early_stopping": 5,
    "checkpoints": null,
    "lr": 0.001,
    "reg": 0.001,
    "filters_per_layer": [
      64,
      128,
      256
    ],
    "layers_per_block": 2,
    "pool_every": 2,
    "hidden_dims": [
      512
    ],
    "model_type": "resnet",
    "kw": {}
  },
  "results": {
    "num_epochs": 17,
    "train_loss": [
      1.5388074128524116,
      1.0835305158134616,
      0.8770699781530044,
      0.7573465872603609,
      0.6498132455531899,
      0.5725798705959564,
      0.5089234154090247,
      0.45256280003453764,
      0.40567129175833727,
      0.36970231809731946,
      0.3285671258369065,
      0.2931290839410499,
      0.26052275683035325,
      0.23937651920882638,
      0.2161075885376662,
      0.20076560322433482,
      0.19339778279061512
    ],
    "train_acc": [
      45.178,
      63.62,
      71.772,
      76.24,
      80.214,
      83.39,
      85.802,
      87.878,
      89.844,
      91.122,
      92.606,
      94.032,
      95.086,
      96.012,
      96.784,
      97.206,
      97.518
    ],
    "test_loss": [
      1.2346321879484403,
      0.9519477882705176,
      0.8380084167273281,
      0.7783853623051994,
      0.7121023020614832,
      0.6654230221011006,
      0.6914048598597224,
      0.672975846087209,
      0.6411160963316695,
      0.6168778282099258,
      0.6246990911876813,
      0.6282541889447374,
      0.6595855256477103,
      0.6583697599248765,
      0.6528616252893837,
      0.7320434946697741,
      0.698149071357692
    ],
    "test_acc": [
      55.36,
      65.99,
      70.41,
      73.23,
      75.4,
      77.18,
      76.95,
      77.22,
      78.63,
      79.78,
      79.97,
      80.15,
      80.01,
      79.35,
      80.01,
      79.2,
      79.21
    ]
  }
}