{
  "config": {
    "run_name": "exp1_3",
    "out_dir": "./results",
    "seed": 42,
    "device": null,
    "bs_train": 128,
    "bs_test": 32,
    "batches": 500,
    "epochs": 50,
    "early_stopping": 5,
    "checkpoints": null,
    "lr": 0.001,
    "reg": 0.001,
    "filters_per_layer": [
      64,
      128
    ],
    "layers_per_block": 2,
    "pool_every": 3,
    "hidden_dims": [
      512
    ],
    "model_type": "cnn",
    "kw": {}
  },
  "results": {
    "num_epochs": 14,
    "train_loss": [
      1.5497615831282439,
      1.1572657308310195,
      0.9773063028559965,
      0.8349213729734006,
      0.7199367595755536,
      0.6384436248818322,
      0.5584585562234035,
      0.4852489944156783,
      0.42230034263237665,
      0.3620143374594886,
      0.3051462280552101,
      0.2650142005642357,
      0.23807689143568658,
      0.20705278196831797
    ],
    "train_acc": [
      45.824,
      61.454,
      68.72,
      73.97,
      78.736,
      82.218,
      85.332,
      88.326,
      90.788,
      93.144,
      95.174,
      96.44,
      97.28,
      98.068
    ],
    "test_loss": [
      1.2792066621323364,
      1.0424540113336362,
      0.9412344890280654,
      0.8680120579922161,
      0.824862267738714,
      0.7987091764093588,
      0.8092838971378704,
      0.8148256984952921,
      0.8379476623603711,
      0.8796767267270591,
      0.9461322087830248,
      1.0158671452976262,
      1.0429337463154198,
      1.0534427592548699
    ],
    "test_acc": [
      53.91,
      62.39,
      65.89,
      69.14,
      70.97,
      72.52,
      73.06,
      72.3,
      73.3,
      73.13,
      71.51,
      70.81,
      71.95,
      70.14
    ]
  }
}