{
  "config": {
    "run_name": "exp1_1",
    "out_dir": "./results",
    "seed": 42,
    "device": null,
    "bs_train": 128,
    "bs_test": 32,
    "batches": 500,
    "epochs": 50,
    "early_stopping": 5,
    "checkpoints": null,
    "lr": 0.001,
    "reg": 0.001,
    "filters_per_layer": [
      32
    ],
    "layers_per_block": 2,
    "pool_every": 3,
    "hidden_dims": [
      512
    ],
    "model_type": "cnn",
    "kw": {}
  },
  "results": {
    "num_epochs": 14,
    "train_loss": [
      1.5171844444006606,
      1.2482654533117934,
      1.1492882686502792,
      1.0823641050502162,
      1.0175211016479355,
      0.9635356661608762,
      0.9035002388002927,
      0.8528886913033702,
      0.7978836508358226,
      0.7458841084214427,
      0.7006982846180801,
      0.6574884586779358,
      0.6010069090996861,
      0.5629514423020355
    ],
    "train_acc": [
      47.604,
      58.13,
      61.89,
      64.598,
      67.266,
      69.766,
      71.844,
      73.988,
      76.572,
      78.822,
      80.44,
      82.14,
      84.812,
      86.27
    ],
    "test_loss": [
      1.3554500446152002,
      1.2081179321764377,
      1.1365061533717682,
      1.1254259591666274,
      1.0621087659662143,
      1.0359121016420114,
      1.0125570234399253,
      0.9881821863186626,
      0.9988811391230208,
      0.9973092191516401,
      0.9873750095550244,
      1.038563020503559,
      1.027549564362334,
      1.049800076899818
    ],
    "test_acc": [
      51.14,
      56.47,
      59.53,
      59.85,
      62.01,
      63.06,
      63.45,
      64.96,
      65.36,
      64.74,
      65.05,
      65.21,
      65.36,
      64.36
    ]
  }
}