{
  "config": {
    "run_name": "exp1_2",
    "out_dir": "./results",
    "seed": 42,
    "device": null,
    "bs_train": 128,
    "bs_test": 32,
    "batches": 500,
    "epochs": 50,
    "early_stopping": 5,
    "checkpoints": null,
    "lr": 0.001,
    "reg": 0.001,
    "filters_per_layer": [
      32
    ],
    "layers_per_block": 4,
    "pool_every": 3,
    "hidden_dims": [
      512
    ],
    "model_type": "cnn",
    "kw": {}
  },
  "results": {
    "num_epochs": 15,
    "train_loss": [
      1.6375526412368735,
      1.3138880318083117,
      1.1405750010019677,
      1.0260907719507242,
      0.9190513371201732,
      0.8261535336904209,
      0.7356610555782952,
      0.6487068204623659,
      0.565761893530331,
      0.48055969441638274,
      0.40560660398829623,
      0.3447139159492824,
      0.29701458874260983,
      0.2651917186120282,
      0.22147500412086088
    ],
    "train_acc": [
      42.398,
      54.716,
      61.814,
      66.476,
      70.816,
      74.504,
      78.464,
      82.288,
      85.566,
      89.064,
      91.934,
      94.076,
      95.704,
      96.634,
      97.814
    ],
    "test_loss": [
      1.3994668604086002,
      1.2723845041597994,
      1.166752228721643,
      1.0255731258529444,
      0.979501220364921,
      0.9687579688363182,
      0.9534963683579296,
      1.0219872404401675,
      1.0480786534353568,
      1.0118668505939812,
      1.080716969106144,
      1.1723485391932174,
      1.3130788301317076,
      1.261003289264612,
      1.3358378421765167
    ],
    "test_acc": [
      48.65,
      54.55,
      58.6,
      63.86,
      65.38,
      66.76,
      66.55,
      64.78,
      65.29,
      67.71,
      66.69,
      66.48,
      64.62,
      66.79,
      65.89
    ]
  }
}