{
  "config": {
    "run_name": "exp1_2_L4_K128",
    "out_dir": "./results",
    "seed": 42,
    "device": null,
    "bs_train": 128,
    "bs_test": 32,
    "batches": 500,
    "epochs": 50,
    "early_stopping": 5,
    "checkpoints": null,
    "lr": 0.001,
    "reg": 0.001,
    "filters_per_layer": [
      128
    ],
    "layers_per_block": 4,
    "pool_every": 2,
    "hidden_dims": [
      100
    ],
    "model_type": "cnn",
    "kw": {}
  },
  "results": {
    "num_epochs": 17,
    "train_loss": [
      1.6587840340021627,
      1.2099821291616202,
      1.0067208403211725,
      0.879110114958585,
      0.7893110245390011,
      0.7173456002379317,
      0.649073182698101,
      0.5906835373710183,
      0.5280505478991877,
      0.47807281515787325,
      0.4353384053920541,
      0.39034617396876636,
      0.3451761660139884,
      0.31936296565300976,
      0.278836578225998,
      0.25631914590783134,
      0.23425680162656642
    ],
    "train_acc": [
      40.896,
      58.612,
      66.446,
      70.982,
      74.396,
      77.186,
      79.69,
      82.0,
      84.484,
      86.472,
      88.076,
      89.906,
      91.542,
      92.608,
      94.156,
      94.858,
      95.658
    ],
    "test_loss": [
      1.3518453973550766,
      1.0961006045722352,
      0.9875213372440764,
      0.9338077758066952,
      0.8627238005114058,
      0.8282910184547924,
      0.8428436615786994,
      0.8154595188629894,
      0.814817738513977,
      0.7997386416021627,
      0.8636763197735856,
      0.8354231286258362,
      0.887616078884076,
      0.8925691278407368,
      0.9520333240302606,
      0.9831429400002233,
      0.98704089467137
    ],
    "test_acc": [
      51.35,
      60.73,
      64.73,
      67.18,
      70.02,
      71.33,
      70.84,
      71.75,
      72.53,
      72.89,
      72.45,
      73.9,
      72.46,
      72.73,
      72.69,
      72.73,
      72.85
    ]
  }
}