{
  "config": {
    "run_name": "exp1_4_L4_K64-128-256",
    "out_dir": "./results",
    "seed": 42,
    "device": null,
    "bs_train": 128,
    "bs_test": 32,
    "batches": 500,
    "epochs": 50,
    "early_stopping": 5,
    "checkpoints": null,
    "lr": 0.001,
    "reg": 0.001,
    "filters_per_layer": [
      64,
      128,
      256
    ],
    "layers_per_block": 4,
    "pool_every": 4,
    "hidden_dims": [
      512
    ],
    "model_type": "resnet",
    "kw": {}
  },
  "results": {
    "num_epochs": 21,
    "train_loss": [
      1.6671914767731182,
      1.3372366724111844,
      1.131607290271603,
      0.9717892746791206,
      0.854630874855744,
      0.7625375618715116,
      0.6906177167544889,
      0.633587930818348,
      0.5716354048160641,
      0.5297347840750614,
      0.4811779231671482,
      0.4435970157461093,
      0.40530278596579267,
      0.3683341959172198,
      0.33647732173695283,
      0.30601692738969005,
      0.2832208659757129,
      0.2608659547536879,
      0.2357212313262703,
      0.2230102284180234,
      0.2052666285954168
    ],
    "train_acc": [
      40.168,
      53.362,
      61.662,
      67.912,
      72.37,
      75.968,
      78.43,
      80.61,
      83.03,
      84.502,
      86.48,
      88.008,
      89.576,
      91.114,
      92.358,
      93.488,
      94.318,
      95.118,
      96.094,
      96.444,
      97.152
    ],
    "test_loss": [
      1.4802162216875119,
      1.2997682940083952,
      1.0711199894499854,
      0.9503130240562244,
      0.8236167023357112,
      0.8187654681099109,
      0.7394031208163252,
      0.6933564667027599,
      0.6674172908258134,
      0.7128626237662075,
      0.6289035386075608,
      0.6189677294212789,
      0.6611009886898933,
      0.649112980301007,
      0.6424940546004536,
      0.6285496220801966,
      0.6914944555669927,
      0.6971136754313216,
      0.7481127079492941,
      0.8651575588951477,
      0.7108743382147706
    ],
    "test_acc": [
      46.49,
      53.27,
      61.66,
      66.43,
      70.94,
      71.94,
      74.08,
      75.73,
      77.17,
      75.97,
      79.25,
      78.9,
      78.59,
      78.8,
      78.88,
      79.68,
      78.98,
      78.57,
      77.95,
      75.87,
      79.62
    ]
  }
}