{
  "config": {
    "run_name": "exp1_2_L8_K64",
    "out_dir": "./results",
    "seed": 42,
    "device": null,
    "bs_train": 128,
    "bs_test": 32,
    "batches": 500,
    "epochs": 50,
    "early_stopping": 5,
    "checkpoints": null,
    "lr": 0.001,
    "reg": 0.001,
    "filters_per_layer": [
      64
    ],
    "layers_per_block": 8,
    "pool_every": 2,
    "hidden_dims": [
      100
    ],
    "model_type": "cnn",
    "kw": {}
  },
  "results": {
    "num_epochs": 6,
    "train_loss": [
      2.3030423776572926,
      2.302799699251609,
      2.3027262748659725,
      2.3027387604384164,
      2.3027471880168866,
      2.302714878335938
    ],
    "train_acc": [
      10.1,
      9.822,
      10.056,
      9.818,
      9.85,
      9.86
    ],
    "test_loss": [
      2.3026683185808956,
      2.302616034833768,
      2.302662707746219,
      2.3026241517295474,
      2.3025978815060455,
      2.3025955354062893
    ],
    "test_acc": [
      10.0,
      10.0,
      10.0,
      10.0,
      10.0,
      10.0
    ]
  }
}