{
  "config": {
    "run_name": "exp1_4_L8_K64-128-256",
    "out_dir": "./results",
    "seed": 42,
    "device": null,
    "bs_train": 128,
    "bs_test": 32,
    "batches": 500,
    "epochs": 50,
    "early_stopping": 5,
    "checkpoints": null,
    "lr": 0.001,
    "reg": 0.001,
    "filters_per_layer": [
      64,
      128,
      256
    ],
    "layers_per_block": 8,
    "pool_every": 8,
    "hidden_dims": [
      100
    ],
    "model_type": "resnet",
    "kw": {}
  },
  "results": {
    "num_epochs": 18,
    "train_loss": [
      1.752346116258665,
      1.4842134778152036,
      1.4177390096132712,
      1.3599364434361763,
      1.3222128652855563,
      1.2860603826430144,
      1.2474495776169134,
      1.2250425184474272,
      1.1978416229452928,
      1.1767640136696798,
      1.161786231848285,
      1.1411693434581123,
      1.134509156122232,
      1.1134530824163686,
      1.106992088620315,
      1.7854174285593545,
      1.2514233467219127,
      1.1689061350224879
    ],
    "train_acc": [
      37.198,
      47.736,
      50.188,
      52.598,
      53.822,
      55.28,
      56.682,
      57.47,
      58.626,
      59.256,
      59.94,
      60.684,
      60.858,
      61.69,
      62.058,
      43.604,
      56.53,
      59.62
    ],
    "test_loss": [
      1.5041621016999023,
      1.4273529585938864,
      1.37229015423467,
      1.311642608893946,
      1.3118776871373479,
      1.261014232048973,
      1.224403002391608,
      1.2268780542257876,
      1.2089383611663842,
      1.1972061009071886,
      1.2081343120279404,
      1.1879790550984515,
      1.1533606219977235,
      1.1845091684176898,
      1.1795617444827533,
      1.355980636784063,
      1.2395914554976808,
      1.1796519535418135
    ],
    "test_acc": [
      45.4,
      48.08,
      50.55,
      53.73,
      52.76,
      54.83,
      56.47,
      56.2,
      56.8,
      57.08,
      56.51,
      57.24,
      58.47,
      57.72,
      57.63,
      51.64,
      55.96,
      57.95
    ]
  }
}