{
  "config": {
    "run_name": "exp1_3",
    "out_dir": "./results",
    "seed": 42,
    "device": null,
    "bs_train": 128,
    "bs_test": 32,
    "batches": 500,
    "epochs": 50,
    "early_stopping": 5,
    "checkpoints": null,
    "lr": 0.001,
    "reg": 0.001,
    "filters_per_layer": [
      64,
      128
    ],
    "layers_per_block": 4,
    "pool_every": 3,
    "hidden_dims": [
      512
    ],
    "model_type": "cnn",
    "kw": {}
  },
  "results": {
    "num_epochs": 6,
    "train_loss": [
      2.302893655684293,
      2.3027287316139398,
      2.3027306938415295,
      2.3027105807038524,
      2.3026957768003653,
      2.3027710676803004
    ],
    "train_acc": [
      9.866,
      9.886,
      9.904,
      9.864,
      10.004,
      10.03
    ],
    "test_loss": [
      2.302651748108788,
      2.3028849610886253,
      2.3026094832740274,
      2.3025984147105354,
      2.3026142379346366,
      2.302651245373126
    ],
    "test_acc": [
      10.0,
      10.0,
      10.0,
      10.0,
      10.0,
      10.0
    ]
  }
}