{
  "config": {
    "run_name": "exp1_1",
    "out_dir": "./results",
    "seed": 42,
    "device": null,
    "bs_train": 128,
    "bs_test": 32,
    "batches": 500,
    "epochs": 50,
    "early_stopping": 5,
    "checkpoints": null,
    "lr": 0.001,
    "reg": 0.001,
    "filters_per_layer": [
      64
    ],
    "layers_per_block": 8,
    "pool_every": 3,
    "hidden_dims": [
      512
    ],
    "model_type": "cnn",
    "kw": {}
  },
  "results": {
    "num_epochs": 6,
    "train_loss": [
      2.302985777940287,
      2.30273401035982,
      2.3027000701640876,
      2.302720963192718,
      2.3026964890072716,
      2.302717367401513
    ],
    "train_acc": [
      9.92,
      9.994,
      9.702,
      9.996,
      9.938,
      9.998
    ],
    "test_loss": [
      2.3026574564437134,
      2.302591468579472,
      2.3025962910332236,
      2.3026077137968413,
      2.30259072666351,
      2.3025949077484325
    ],
    "test_acc": [
      10.0,
      10.0,
      10.0,
      10.0,
      10.0,
      10.0
    ]
  }
}