{
  "config": {
    "run_name": "exp1_2_L2_K128",
    "out_dir": "./results",
    "seed": 42,
    "device": null,
    "bs_train": 128,
    "bs_test": 32,
    "batches": 500,
    "epochs": 50,
    "early_stopping": 5,
    "checkpoints": null,
    "lr": 0.001,
    "reg": 0.001,
    "filters_per_layer": [
      128
    ],
    "layers_per_block": 2,
    "pool_every": 2,
    "hidden_dims": [
      100
    ],
    "model_type": "cnn",
    "kw": {}
  },
  "results": {
    "num_epochs": 13,
    "train_loss": [
      1.559159745645645,
      1.2250137344345717,
      1.103743654077925,
      1.010442166834536,
      0.9441508598949598,
      0.8826465199670523,
      0.8352417488537176,
      0.7852045730556674,
      0.7415414995244701,
      0.6966173936948752,
      0.6592129103058134,
      0.6215142996414847,
      0.5791936879572661
    ],
    "train_acc": [
      45.24,
      57.998,
      62.648,
      65.93,
      68.706,
      70.916,
      72.726,
      74.636,
      76.152,
      77.828,
      79.242,
      80.912,
      82.484
    ],
    "test_loss": [
      1.2820474113138338,
      1.1740272410761434,
      1.1004532105244769,
      1.081489702002309,
      1.0432837873982925,
      1.0490161658475956,
      1.0087854229984954,
      0.9822253348728338,
      0.9718779666355243,
      0.9892879432192245,
      1.0069576012440764,
      1.0211293487883986,
      1.0629433061177738
    ],
    "test_acc": [
      54.33,
      58.1,
      60.99,
      61.94,
      62.84,
      63.37,
      64.57,
      66.26,
      66.26,
      65.46,
      65.68,
      65.42,
      65.1
    ]
  }
}