{
  "config": {
    "run_name": "exp1_4",
    "out_dir": "./results",
    "seed": 42,
    "device": null,
    "bs_train": 128,
    "bs_test": 32,
    "batches": 500,
    "epochs": 50,
    "early_stopping": 5,
    "checkpoints": null,
    "lr": 0.001,
    "reg": 0.001,
    "filters_per_layer": [
      32
    ],
    "layers_per_block": 8,
    "pool_every": 3,
    "hidden_dims": [
      512
    ],
    "model_type": "resnet",
    "kw": {}
  },
  "results": {
    "num_epochs": 17,
    "train_loss": [
      1.5636477061854603,
      1.187089248234049,
      0.9794420427678491,
      0.845627534115101,
      0.7524786420795314,
      0.678360235736803,
      0.617436151065485,
      0.5678823039202434,
      0.5082432669599343,
      0.46070183893603744,
      0.40628088858273936,
      0.3621109575033188,
      0.3148483065006983,
      0.27819964758422977,
      0.24759226311426943,
      0.21900390180023124,
      0.1962720451071439
    ],
    "train_acc": [
      44.634,
      59.342,
      67.314,
      72.202,
      75.624,
      78.604,
      80.83,
      83.05,
      85.29,
      87.186,
      89.544,
      91.284,
      93.266,
      94.504,
      95.602,
      96.694,
      97.36
    ],
    "test_loss": [
      1.324066775865829,
      1.0456667898562009,
      0.9551902500966105,
      0.8307157650161475,
      0.7756767594776215,
      0.7434686034822616,
      0.7161744127448756,
      0.7215171454432673,
      0.7514817388103412,
      0.7443138702799337,
      0.7248419154756747,
      0.7272288608855714,
      0.8006966506806426,
      0.7767864744693708,
      0.8188527602547655,
      0.8626348461967688,
      0.9294939402002877
    ],
    "test_acc": [
      51.77,
      63.08,
      66.54,
      71.22,
      73.31,
      73.95,
      75.37,
      74.28,
      74.43,
      74.92,
      76.01,
      76.62,
      75.29,
      75.96,
      75.99,
      75.18,
      75.36
    ]
  }
}