{
  "config": {
    "run_name": "exp1_4_L32_K32",
    "out_dir": "./results",
    "seed": 42,
    "device": null,
    "bs_train": 128,
    "bs_test": 32,
    "batches": 500,
    "epochs": 50,
    "early_stopping": 5,
    "checkpoints": null,
    "lr": 0.001,
    "reg": 0.001,
    "filters_per_layer": [
      32
    ],
    "layers_per_block": 32,
    "pool_every": 16,
    "hidden_dims": [
      100
    ],
    "model_type": "resnet",
    "kw": {}
  },
  "results": {
    "num_epochs": 29,
    "train_loss": [
      1.8200827434544673,
      1.5782576348165722,
      1.4965960055665897,
      1.4572517801733578,
      1.4266057520571267,
      1.39811760873136,
      1.3811393701816763,
      1.3621374438790714,
      1.3448761503409852,
      1.3345281339972221,
      1.317269198729864,
      1.3086936882389781,
      1.2939326525344264,
      1.2844367396191259,
      1.2715468964613308,
      1.2594672804293425,
      1.2483591762040278,
      1.2400526494321311,
      1.2338116809230326,
      1.2241381233000694,
      1.2134269440875334,
      1.2071949963069633,
      1.1978504767503275,
      1.189269698336911,
      1.1882670501918744,
      1.178389568158123,
      1.1704296969696688,
      1.167631298379825,
      1.1597111662635413
    ],
    "train_acc": [
      35.706,
      44.912,
      47.658,
      49.008,
      50.062,
      51.336,
      52.032,
      52.638,
      53.272,
      53.374,
      54.29,
      54.822,
      55.208,
      55.61,
      56.046,
      56.5,
      56.836,
      57.244,
      57.54,
      57.874,
      58.058,
      58.102,
      58.57,
      58.992,
      59.098,
      59.508,
      59.804,
      59.798,
      60.186
    ],
    "test_loss": [
      1.6139934980831208,
      1.5083737838001678,
      1.4641126737046166,
      1.4189767026291868,
      1.4790903295571811,
      1.3814078167604562,
      1.376784654090199,
      1.3629250345519557,
      1.3671020406503647,
      1.3306729018497772,
      1.325859122382947,
      1.31530883613105,
      1.3388234620657973,
      1.2953609673740765,
      1.335466407358456,
      1.2805547535229034,
      1.2978356876693213,
      1.2676756319146567,
      1.2896407454158552,
      1.2698707534863165,
      1.2714259813007074,
      1.2347445063316784,
      1.2438382529222165,
      1.2214144447360176,
      1.2407927195104167,
      1.2369165106322437,
      1.2356358863675176,
      1.2136630332127165,
      1.241182195873687
    ],
    "test_acc": [
      43.19,
      46.58,
      48.07,
      49.3,
      47.21,
      50.88,
      51.95,
      51.98,
      51.43,
      52.33,
      53.18,
      53.61,
      52.77,
      54.08,
      53.2,
      54.57,
      54.44,
      55.01,
      54.1,
      54.85,
      54.88,
      56.31,
      56.19,
      57.2,
      55.99,
      56.06,
      56.19,
      56.91,
      55.7
    ]
  }
}