{
  "config": {
    "run_name": "exp1_2_L8_K32",
    "out_dir": "./results",
    "seed": 42,
    "device": null,
    "bs_train": 128,
    "bs_test": 32,
    "batches": 500,
    "epochs": 50,
    "early_stopping": 5,
    "checkpoints": null,
    "lr": 0.001,
    "reg": 0.001,
    "filters_per_layer": [
      32
    ],
    "layers_per_block": 8,
    "pool_every": 2,
    "hidden_dims": [
      100
    ],
    "model_type": "cnn",
    "kw": {}
  },
  "results": {
    "num_epochs": 6,
    "train_loss": [
      2.303159203980585,
      2.3029204853965193,
      2.3028155745142866,
      2.302794856488552,
      2.3028111183429925,
      2.302785080107277
    ],
    "train_acc": [
      10.018,
      9.906,
      9.954,
      9.952,
      9.866,
      9.774
    ],
    "test_loss": [
      2.3026787876701964,
      2.302615730907209,
      2.3026527741465705,
      2.3026434133608884,
      2.302646770264013,
      2.302629816646393
    ],
    "test_acc": [
      10.0,
      10.0,
      10.0,
      10.0,
      10.0,
      10.0
    ]
  }
}