{
  "config": {
    "run_name": "exp1_4",
    "out_dir": "./results",
    "seed": 42,
    "device": null,
    "bs_train": 128,
    "bs_test": 32,
    "batches": 500,
    "epochs": 50,
    "early_stopping": 5,
    "checkpoints": null,
    "lr": 0.001,
    "reg": 0.001,
    "filters_per_layer": [
      32
    ],
    "layers_per_block": 16,
    "pool_every": 3,
    "hidden_dims": [
      512
    ],
    "model_type": "resnet",
    "kw": {}
  },
  "results": {
    "num_epochs": 25,
    "train_loss": [
      1.783727012022072,
      1.4016007794748486,
      1.2194521849417626,
      1.0888236602553931,
      0.996385178907448,
      0.9126658744519324,
      0.8456140474590195,
      0.7948132157325745,
      0.7440816452131247,
      0.705671248762199,
      0.6650598367766651,
      0.6342175982492354,
      0.6049349297343007,
      0.5682285774089492,
      0.552975432570938,
      0.5380323597079958,
      0.5231771546099192,
      0.49934059549170684,
      0.48009481202915805,
      0.45688156402476915,
      0.44819769964498635,
      0.4310680639255992,
      0.42027404851010997,
      0.41144272136261395,
      0.38694610189446405
    ],
    "train_acc": [
      34.008,
      49.522,
      57.224,
      62.618,
      66.108,
      69.072,
      71.808,
      73.722,
      75.776,
      77.204,
      78.572,
      79.752,
      80.904,
      82.038,
      82.684,
      83.39,
      83.76,
      84.762,
      85.36,
      86.37,
      86.676,
      87.284,
      87.644,
      88.09,
      88.922
    ],
    "test_loss": [
      1.4873864406975694,
      1.2906491952582289,
      1.124414506621254,
      1.0382842954736167,
      1.0489958327608748,
      0.9153656864318603,
      0.8500774070477715,
      0.8568782740698074,
      0.823159130046162,
      0.7856260478115691,
      0.7392562641122471,
      0.7456270611514679,
      0.7162489341661191,
      0.7164562135553969,
      0.699466463095083,
      0.6865240743937203,
      0.6797098535508774,
      0.7174548862841182,
      0.6665860598270124,
      0.6597244123014779,
      0.6560248856822523,
      0.7217221484778408,
      0.6776294490209402,
      0.6978885424784578,
      0.6968951217187479
    ],
    "test_acc": [
      44.29,
      52.73,
      59.6,
      62.09,
      62.89,
      67.79,
      69.87,
      70.73,
      71.28,
      73.07,
      74.49,
      74.09,
      75.17,
      76.11,
      75.96,
      76.8,
      76.85,
      76.22,
      77.67,
      78.17,
      78.08,
      76.39,
      78.05,
      76.48,
      77.86
    ]
  }
}