{
  "config": {
    "run_name": "exp1_1_L2_K32",
    "out_dir": "./results",
    "seed": 42,
    "device": null,
    "bs_train": 128,
    "bs_test": 32,
    "batches": 1000,
    "epochs": 50,
    "early_stopping": 5,
    "checkpoints": null,
    "lr": 0.001,
    "reg": 0.001,
    "filters_per_layer": [
      32
    ],
    "layers_per_block": 2,
    "pool_every": 4,
    "hidden_dims": [
      100
    ],
    "model_type": "cnn",
    "kw": {}
  },
  "results": {
    "num_epochs": 15,
    "train_loss": [
      1.566068573376102,
      1.2378848803317761,
      1.1342707341894165,
      1.0660350485835843,
      1.0076396570486181,
      0.9578220928111649,
      0.9125892698307476,
      0.8632290116356461,
      0.819066003307967,
      0.7794480784164975,
      0.7348717635549853,
      0.694550279613651,
      0.6670562924478974,
      0.6217270526282318,
      0.5766314592812677
    ],
    "train_acc": [
      44.858,
      57.854,
      61.904,
      64.482,
      66.77,
      68.63,
      70.478,
      72.644,
      74.274,
      75.752,
      77.498,
      79.436,
      80.29,
      82.278,
      84.038
    ],
    "test_loss": [
      1.3616521834565427,
      1.2006842566374392,
      1.1692453310512507,
      1.101042824050489,
      1.1084395555642466,
      1.0395269300610113,
      1.013610552675046,
      1.0567207559229086,
      1.0261971571574957,
      0.9909952269575466,
      1.0219894177235735,
      1.066147457106045,
      1.051062588493664,
      1.0760066235027375,
      1.0594968660570943
    ],
    "test_acc": [
      51.34,
      56.94,
      58.57,
      60.67,
      60.48,
      63.14,
      63.72,
      62.89,
      63.83,
      65.18,
      64.29,
      63.49,
      63.66,
      64.2,
      64.76
    ]
  }
}