{
  "config": {
    "run_name": "exp1_2",
    "out_dir": "./results",
    "seed": 42,
    "device": null,
    "bs_train": 128,
    "bs_test": 32,
    "batches": 500,
    "epochs": 50,
    "early_stopping": 5,
    "checkpoints": null,
    "lr": 0.001,
    "reg": 0.001,
    "filters_per_layer": [
      64
    ],
    "layers_per_block": 2,
    "pool_every": 3,
    "hidden_dims": [
      512
    ],
    "model_type": "cnn",
    "kw": {}
  },
  "results": {
    "num_epochs": 16,
    "train_loss": [
      1.7985178131581572,
      1.4779715428266988,
      1.3248534196478021,
      1.2314203088850622,
      1.166650973774893,
      1.1012760544067148,
      1.045530695592046,
      0.9959604639531402,
      0.9374343295536383,
      0.8900748122378689,
      0.8386832984816998,
      0.7784464767826792,
      0.7280168894611662,
      0.67678352100465,
      0.6224872493530478,
      0.5671197212565585
    ],
    "train_acc": [
      36.002,
      47.58,
      54.22,
      57.982,
      60.558,
      63.514,
      65.63,
      67.828,
      70.144,
      71.93,
      74.284,
      76.82,
      78.784,
      81.018,
      83.206,
      85.416
    ],
    "test_loss": [
      1.5401039013085656,
      1.426461575892025,
      1.3052817375515215,
      1.2833219920865262,
      1.235446631146696,
      1.2389332290274648,
      1.2164834918686376,
      1.2198324982350626,
      1.1996694254799012,
      1.233982332598287,
      1.2298838437174837,
      1.2915112033438758,
      1.3695743956124058,
      1.3572729924997202,
      1.3779082216393834,
      1.4482189691104828
    ],
    "test_acc": [
      42.91,
      48.27,
      52.4,
      53.76,
      56.28,
      56.3,
      56.35,
      56.06,
      57.7,
      57.08,
      57.76,
      55.73,
      56.21,
      55.87,
      56.24,
      56.07
    ]
  }
}