{
  "config": {
    "run_name": "exp1_2_L2_K64",
    "out_dir": "./results",
    "seed": 42,
    "device": null,
    "bs_train": 128,
    "bs_test": 32,
    "batches": 500,
    "epochs": 50,
    "early_stopping": 5,
    "checkpoints": null,
    "lr": 0.001,
    "reg": 0.001,
    "filters_per_layer": [
      64
    ],
    "layers_per_block": 2,
    "pool_every": 2,
    "hidden_dims": [
      100
    ],
    "model_type": "cnn",
    "kw": {}
  },
  "results": {
    "num_epochs": 14,
    "train_loss": [
      1.48486672185571,
      1.1498472661618382,
      1.0078989875591016,
      0.912156193457601,
      0.8394088627737196,
      0.7852138322027747,
      0.7276537028115119,
      0.6748342136745258,
      0.6209191442145716,
      0.5784726462248341,
      0.5276699265860536,
      0.49733873340479856,
      0.4543446057745258,
      0.4101058640291014
    ],
    "train_acc": [
      48.188,
      61.142,
      66.444,
      69.972,
      72.822,
      74.9,
      77.07,
      79.24,
      81.276,
      83.174,
      85.094,
      86.172,
      87.998,
      89.796
    ],
    "test_loss": [
      1.2309697472249357,
      1.0966009421470446,
      1.0516589192536692,
      0.9854305434150817,
      0.9602308404712251,
      0.9392841574483024,
      0.943306078926062,
      0.9576098801800237,
      0.9151044253724071,
      0.9573661464090926,
      0.9495157929845511,
      0.9792718779736053,
      0.977316922273118,
      1.0129890945582345
    ],
    "test_acc": [
      55.63,
      61.32,
      62.7,
      65.49,
      66.11,
      67.44,
      66.68,
      66.96,
      68.72,
      67.87,
      68.28,
      67.99,
      68.29,
      68.19
    ]
  }
}