{
  "config": {
    "run_name": "exp1_4_L2_K64-128-256",
    "out_dir": "./results",
    "seed": 42,
    "device": null,
    "bs_train": 128,
    "bs_test": 32,
    "batches": 500,
    "epochs": 50,
    "early_stopping": 5,
    "checkpoints": null,
    "lr": 0.001,
    "reg": 0.001,
    "filters_per_layer": [
      64,
      128,
      256
    ],
    "layers_per_block": 2,
    "pool_every": 2,
    "hidden_dims": [
      100
    ],
    "model_type": "resnet",
    "kw": {}
  },
  "results": {
    "num_epochs": 16,
    "train_loss": [
      1.6166464279374808,
      1.1519828952486864,
      0.9310534113203474,
      0.8003798662244207,
      0.7152596206006492,
      0.6286890884799421,
      0.564404692186419,
      0.5035258709927044,
      0.45195026657617915,
      0.40645270701259606,
      0.37104782526907715,
      0.3322812738016133,
      0.30369597450470376,
      0.27871646608233147,
      0.251274507083094,
      0.231110385711998
    ],
    "train_acc": [
      42.092,
      60.844,
      69.286,
      73.898,
      77.436,
      80.492,
      83.126,
      85.4,
      87.392,
      89.196,
      90.626,
      92.096,
      93.1,
      94.036,
      94.986,
      95.716
    ],
    "test_loss": [
      1.2807628380985687,
      1.0668981486616043,
      0.8697189734385798,
      0.7878983896761276,
      0.7486995359579214,
      0.7250505675332615,
      0.6698034991757177,
      0.678583067874558,
      0.6396881090566373,
      0.622633371395044,
      0.6134478645964553,
      0.6867155427940357,
      0.6930132212635046,
      0.6684829183755973,
      0.6932589958270137,
      0.7535340795025658
    ],
    "test_acc": [
      52.93,
      61.42,
      68.8,
      72.42,
      74.54,
      74.85,
      77.49,
      77.43,
      78.28,
      79.42,
      79.48,
      77.95,
      78.51,
      79.16,
      79.02,
      78.18
    ]
  }
}