{
  "config": {
    "run_name": "exp1_2",
    "out_dir": "./results",
    "seed": 42,
    "device": null,
    "bs_train": 128,
    "bs_test": 32,
    "batches": 500,
    "epochs": 50,
    "early_stopping": 5,
    "checkpoints": null,
    "lr": 0.001,
    "reg": 0.001,
    "filters_per_layer": [
      64
    ],
    "layers_per_block": 4,
    "pool_every": 3,
    "hidden_dims": [
      512
    ],
    "model_type": "cnn",
    "kw": {}
  },
  "results": {
    "num_epochs": 12,
    "train_loss": [
      1.556215909740809,
      1.1714320786468817,
      0.9979952814633889,
      0.8754188415339536,
      0.7696588513491404,
      0.6747998616579548,
      0.5873916884669867,
      0.5025696579147788,
      0.4331076767895838,
      0.36734617320472934,
      0.3014063548553935,
      0.26361525314085926
    ],
    "train_acc": [
      45.818,
      60.674,
      67.446,
      72.354,
      76.722,
      80.882,
      84.312,
      87.744,
      90.544,
      93.33,
      95.504,
      96.704
    ],
    "test_loss": [
      1.3449032373321703,
      1.0934019661939944,
      0.9725328470571354,
      0.8859849583607512,
      0.888618559216539,
      0.8244829591089925,
      0.8045835897754937,
      0.8266516476393507,
      0.8925452765565329,
      0.9058834935148684,
      0.9880658800419146,
      1.0919354151422604
    ],
    "test_acc": [
      51.01,
      61.52,
      65.07,
      68.39,
      68.58,
      71.08,
      72.69,
      72.1,
      71.34,
      72.26,
      70.83,
      70.65
    ]
  }
}