{
  "config": {
    "run_name": "exp1_3",
    "out_dir": "./results",
    "seed": 42,
    "device": null,
    "bs_train": 128,
    "bs_test": 32,
    "batches": 500,
    "epochs": 50,
    "early_stopping": 5,
    "checkpoints": null,
    "lr": 0.001,
    "reg": 0.001,
    "filters_per_layer": [
      64,
      128,
      256
    ],
    "layers_per_block": 4,
    "pool_every": 3,
    "hidden_dims": [
      512
    ],
    "model_type": "cnn",
    "kw": {}
  },
  "results": {
    "num_epochs": 6,
    "train_loss": [
      2.302926194637328,
      2.302739578134873,
      2.302704888536497,
      2.302690798669215,
      2.302685622364054,
      2.3027087221365146
    ],
    "train_acc": [
      9.928,
      9.854,
      9.878,
      9.96,
      9.822,
      9.882
    ],
    "test_loss": [
      2.302639808136815,
      2.302591668912016,
      2.302607084615543,
      2.3025903755102677,
      2.302589993888197,
      2.302618634586517
    ],
    "test_acc": [
      10.0,
      10.0,
      10.0,
      10.0,
      10.0,
      10.0
    ]
  }
}