{
  "config": {
    "run_name": "exp1_1_L2_K64",
    "out_dir": "./results",
    "seed": 42,
    "device": null,
    "bs_train": 128,
    "bs_test": 32,
    "batches": 1000,
    "epochs": 50,
    "early_stopping": 5,
    "checkpoints": null,
    "lr": 0.001,
    "reg": 0.001,
    "filters_per_layer": [
      64
    ],
    "layers_per_block": 2,
    "pool_every": 4,
    "hidden_dims": [
      100
    ],
    "model_type": "cnn",
    "kw": {}
  },
  "results": {
    "num_epochs": 16,
    "train_loss": [
      1.525227808586472,
      1.241893597423573,
      1.1405189778188916,
      1.0641646844041928,
      0.9958002716683976,
      0.9256246449697353,
      0.8620410264300569,
      0.8067471116705014,
      0.7448252529439414,
      0.6879146269825108,
      0.6363930872944005,
      0.5829951234180909,
      0.5308908533562174,
      0.48938270336221856,
      0.443804031519024,
      0.4012335414243171
    ],
    "train_acc": [
      46.688,
      57.64,
      61.776,
      64.774,
      67.178,
      70.07,
      72.592,
      74.958,
      77.622,
      79.918,
      82.0,
      84.082,
      86.024,
      87.894,
      89.672,
      91.34
    ],
    "test_loss": [
      1.3672670963854074,
      1.2372564833385113,
      1.169712052748988,
      1.1399921035995118,
      1.0864984025589575,
      1.0655387773300513,
      1.0295718089460184,
      1.044289097427941,
      1.0327203468011972,
      1.1041962005459844,
      1.0564682057109505,
      1.1005820361570047,
      1.115825267835928,
      1.1313696192285885,
      1.1572220473053356,
      1.186911111441664
    ],
    "test_acc": [
      49.97,
      56.05,
      57.67,
      58.86,
      61.41,
      62.89,
      63.85,
      63.88,
      64.15,
      62.4,
      64.91,
      64.42,
      63.9,
      63.82,
      64.25,
      64.23
    ]
  }
}