{
  "config": {
    "run_name": "exp2",
    "out_dir": "./results",
    "seed": 42,
    "device": null,
    "bs_train": 128,
    "bs_test": 32,
    "batches": 400,
    "epochs": 30,
    "early_stopping": 5,
    "checkpoints": null,
    "lr": 0.001,
    "reg": 0.001,
    "filters_per_layer": [
      32,
      64,
      128
    ],
    "layers_per_block": 3,
    "pool_every": 3,
    "hidden_dims": [
      256
    ],
    "model_type": "yours",
    "kw": {}
  },
  "results": {
    "num_epochs": 24,
    "train_loss": [
      1.8665351218274793,
      1.5638018700167955,
      1.4364200482892868,
      1.3263191313999694,
      1.238484739647497,
      1.147796137406088,
      1.0708516502319394,
      1.0121826418220539,
      0.9568960131586665,
      0.9150721292056696,
      0.8758354612323634,
      0.8467924488170068,
      0.8165084715084652,
      0.7940374437500449,
      0.7661983646700145,
      0.7478015232269112,
      0.7245239331899092,
      0.7096944604535846,
      0.6927620484243573,
      0.6764973975203531,
      0.665452320938525,
      0.6518218880876556,
      0.643037903568019,
      0.6288735249920574
    ],
    "train_acc": [
      31.444,
      43.754,
      48.58,
      52.92,
      56.53,
      60.118,
      62.984,
      65.342,
      67.0,
      68.62,
      70.45,
      71.644,
      72.282,
      73.28,
      74.174,
      75.032,
      75.68,
      76.16,
      76.932,
      77.312,
      77.86,
      78.36,
      78.448,
      78.946
    ],
    "test_loss": [
      1.5993561889416874,
      1.4183114332893787,
      1.3209976479649164,
      1.2216374462785813,
      1.1974153088304562,
      1.1986302232589965,
      1.110517938487446,
      1.0158308240742728,
      0.9943896541580225,
      0.9550895040598921,
      0.9672236458752483,
      1.0862593209019864,
      0.8905307940019968,
      0.8484610126803096,
      0.9223215935138849,
      0.9331222823062263,
      0.8920954142134792,
      0.8777756556725731,
      0.8079974318083863,
      0.8544082173143333,
      0.8769463932933137,
      0.9376107362893443,
      0.8710026114512557,
      0.8955636353919301
    ],
    "test_acc": [
      41.57,
      46.98,
      51.78,
      55.42,
      57.4,
      58.07,
      61.32,
      64.34,
      65.09,
      66.88,
      67.13,
      63.9,
      69.09,
      70.32,
      68.88,
      67.72,
      69.53,
      70.08,
      72.39,
      70.95,
      69.77,
      68.09,
      69.81,
      69.85
    ]
  }
}