{
  "config": {
    "run_name": "exp2",
    "out_dir": "./results",
    "seed": 42,
    "device": null,
    "bs_train": 128,
    "bs_test": 32,
    "batches": 400,
    "epochs": 30,
    "early_stopping": 5,
    "checkpoints": null,
    "lr": 0.001,
    "reg": 0.001,
    "filters_per_layer": [
      32
    ],
    "layers_per_block": 2,
    "pool_every": 3,
    "hidden_dims": [
      256
    ],
    "model_type": "yours",
    "kw": {}
  },
  "results": {
    "num_epochs": 12,
    "train_loss": [
      1.6549374947462545,
      1.2147910829700168,
      1.0397350765250224,
      0.9134585258296078,
      0.8050653059464281,
      0.7040155343234996,
      0.6149663728521303,
      0.5281226452811599,
      0.46154201762450625,
      0.39361600223404675,
      0.34844911849254845,
      0.32122333180111695
    ],
    "train_acc": [
      43.212,
      59.642,
      66.562,
      71.574,
      75.846,
      79.974,
      83.646,
      86.934,
      89.144,
      91.648,
      93.296,
      94.054
    ],
    "test_loss": [
      1.3108981706844731,
      1.1348869124540506,
      1.1010262309171903,
      1.038943576546142,
      1.0502628518369632,
      1.0622215893702767,
      1.0622425886769644,
      1.1509854068009617,
      1.2162216260029486,
      1.1902227916847021,
      1.3050129916340398,
      1.400108060326439
    ],
    "test_acc": [
      52.74,
      59.56,
      61.42,
      62.9,
      63.58,
      63.63,
      64.27,
      63.2,
      62.22,
      63.6,
      62.86,
      61.94
    ]
  }
}