{
  "config": {
    "run_name": "exp2",
    "out_dir": "./results",
    "seed": 42,
    "device": null,
    "bs_train": 128,
    "bs_test": 32,
    "batches": 400,
    "epochs": 50,
    "early_stopping": 5,
    "checkpoints": null,
    "lr": 0.001,
    "reg": 0.001,
    "filters_per_layer": [
      64
    ],
    "layers_per_block": 2,
    "pool_every": 3,
    "hidden_dims": [
      512
    ],
    "model_type": "yours",
    "kw": {}
  },
  "results": {
    "num_epochs": 12,
    "train_loss": [
      2.1312120887629518,
      1.499107201995752,
      1.3318386800453792,
      1.2066472733722013,
      1.0618161600264138,
      0.9317148620515223,
      0.7950011179270342,
      0.662241258203526,
      0.5360780887286681,
      0.4328687676154744,
      0.35331133324319447,
      0.29854437484003393
    ],
    "train_acc": [
      25.418,
      47.19,
      54.314,
      59.934,
      65.998,
      71.978,
      77.932,
      83.338,
      88.102,
      91.988,
      94.35,
      95.874
    ],
    "test_loss": [
      1.6234810546564218,
      1.430441289092786,
      1.3680326603472042,
      1.259341670491825,
      1.174864889143374,
      1.1706261196837258,
      1.1669956352383184,
      1.2597226681419835,
      1.3446360135230775,
      1.4439631260622043,
      1.65805983543396,
      1.6782378141110696
    ],
    "test_acc": [
      40.65,
      47.64,
      51.1,
      54.3,
      57.74,
      58.71,
      59.92,
      58.62,
      57.71,
      58.26,
      55.45,
      57.14
    ]
  }
}