{
  "config": {
    "run_name": "exp2",
    "out_dir": "./results",
    "seed": 42,
    "device": null,
    "bs_train": 128,
    "bs_test": 32,
    "batches": 400,
    "epochs": 30,
    "early_stopping": 5,
    "checkpoints": null,
    "lr": 0.001,
    "reg": 0.001,
    "filters_per_layer": [
      32,
      64,
      128
    ],
    "layers_per_block": 6,
    "pool_every": 6,
    "hidden_dims": [
      256
    ],
    "model_type": "yours",
    "kw": {}
  },
  "results": {
    "num_epochs": 30,
    "train_loss": [
      1.82810759391931,
      1.513245568251061,
      1.3599632621726112,
      1.2284504634035214,
      1.1138808608359998,
      1.0245194400058073,
      0.9434865091157996,
      0.8817357800500777,
      0.8344308953455952,
      0.7919517171657299,
      0.7634388176376558,
      0.7354675630474334,
      0.7021815508527829,
      0.6809109774087091,
      0.6675219371190766,
      0.6450545539331558,
      0.6260220879484015,
      0.6161830483190239,
      0.6035271981335661,
      0.5889359306343986,
      0.5773898056705894,
      0.5618751908812072,
      0.5608917716366556,
      0.5432696295211382,
      0.5362278575177692,
      0.524903420292203,
      0.5110498304714632,
      0.5095867986416878,
      0.5006892187211215,
      0.4951814291879649
    ],
    "train_acc": [
      33.262,
      45.452,
      51.868,
      57.376,
      61.66,
      64.884,
      67.814,
      70.372,
      71.964,
      73.372,
      74.456,
      75.256,
      76.36,
      77.132,
      77.908,
      78.522,
      79.266,
      79.994,
      80.086,
      80.758,
      81.192,
      81.544,
      81.666,
      82.204,
      82.436,
      82.974,
      83.196,
      83.252,
      83.726,
      84.006
    ],
    "test_loss": [
      1.5336081539860928,
      1.3627138716725116,
      1.197197082514961,
      1.1031759588863141,
      1.018647541824621,
      0.952573018713881,
      0.8880874351761974,
      0.8525083753438042,
      0.8163226305867155,
      0.789740877124829,
      0.7702493106785674,
      0.7512441708828314,
      0.755063279177815,
      0.7212288474884277,
      0.7487901243538903,
      0.7174032690426031,
      0.7546679531804289,
      0.7298444091511992,
      0.6960968041001037,
      0.7008661228580216,
      0.6982067523958584,
      0.7438512233594736,
      0.7003851847145885,
      0.6983783055132571,
      0.6996154559972568,
      0.6882418212227928,
      0.7035979199380921,
      0.7147335443919459,
      0.7170759690360139,
      0.67961851309854
    ],
    "test_acc": [
      43.15,
      49.91,
      56.54,
      59.9,
      63.81,
      66.37,
      68.82,
      70.18,
      71.81,
      72.65,
      73.13,
      73.98,
      74.56,
      75.0,
      74.73,
      75.32,
      74.82,
      75.16,
      76.47,
      76.62,
      76.76,
      75.5,
      77.09,
      77.07,
      76.76,
      77.25,
      77.42,
      76.38,
      76.37,
      77.11
    ]
  }
}