{
  "config": {
    "run_name": "exp2",
    "out_dir": "./results",
    "seed": 42,
    "device": null,
    "bs_train": 128,
    "bs_test": 32,
    "batches": 400,
    "epochs": 30,
    "early_stopping": 5,
    "checkpoints": null,
    "lr": 0.001,
    "reg": 0.001,
    "filters_per_layer": [
      128
    ],
    "layers_per_block": 2,
    "pool_every": 3,
    "hidden_dims": [
      256
    ],
    "model_type": "yours",
    "kw": {}
  },
  "results": {
    "num_epochs": 12,
    "train_loss": [
      1.8496826347487663,
      1.5377405634926409,
      1.4648751297875133,
      1.4047638382143377,
      1.3483890676132553,
      1.2908135786690675,
      1.2331323478837757,
      1.1658807933482978,
      1.1069583475132427,
      1.0334200583150626,
      0.9611564296895586,
      0.8861458685696887
    ],
    "train_acc": [
      37.592,
      45.646,
      48.54,
      51.242,
      53.686,
      55.964,
      58.586,
      61.502,
      64.028,
      66.818,
      69.642,
      72.782
    ],
    "test_loss": [
      1.5934567714270693,
      1.521663951416747,
      1.477068210562197,
      1.4665940474397459,
      1.4792941705868268,
      1.4700480105397038,
      1.4622470243289447,
      1.5285674046022824,
      1.5410858493643447,
      1.5672472722995014,
      1.650346099568632,
      1.7332428693771362
    ],
    "test_acc": [
      41.53,
      44.96,
      46.64,
      46.71,
      46.7,
      47.35,
      47.84,
      46.47,
      46.82,
      47.05,
      45.95,
      44.89
    ]
  }
}