{
  "config": {
    "run_name": "exp2",
    "out_dir": "./results",
    "seed": 42,
    "device": null,
    "bs_train": 128,
    "bs_test": 32,
    "batches": 400,
    "epochs": 50,
    "early_stopping": 5,
    "checkpoints": null,
    "lr": 0.001,
    "reg": 0.001,
    "filters_per_layer": [
      128
    ],
    "layers_per_block": 2,
    "pool_every": 3,
    "hidden_dims": [
      512
    ],
    "model_type": "yours",
    "kw": {}
  },
  "results": {
    "num_epochs": 17,
    "train_loss": [
      2.468430052632871,
      2.305514611856407,
      2.307842903429895,
      2.3115487330405,
      2.3057338228006192,
      2.3034605516497133,
      2.0899135807286138,
      1.5445477852735983,
      1.289555663647859,
      1.1608000519635426,
      1.057201739314877,
      0.9651176848679858,
      0.8785542979874574,
      0.7950135754502338,
      0.7235202074355787,
      0.646996661296586,
      0.575445136984291
    ],
    "train_acc": [
      9.962,
      10.016,
      9.986,
      10.166,
      10.176,
      10.102,
      21.782,
      46.346,
      55.904,
      61.236,
      65.082,
      68.626,
      72.294,
      75.81,
      78.302,
      81.83,
      84.156
    ],
    "test_loss": [
      2.302901964218091,
      2.3027948754283187,
      2.302705361058537,
      2.3026488916561627,
      2.3023921217019567,
      2.3013129051500996,
      1.6846750460493678,
      1.493133179295939,
      1.2313743658340015,
      1.2198184856210654,
      1.1770594716072083,
      1.1029777644922176,
      1.1375799514234257,
      1.1399784379492934,
      1.1447244676919028,
      1.2063930364081654,
      1.2213434906432423
    ],
    "test_acc": [
      10.02,
      9.97,
      9.81,
      10.03,
      10.09,
      11.55,
      39.01,
      45.6,
      55.26,
      55.91,
      58.1,
      61.26,
      59.91,
      61.18,
      60.94,
      59.72,
      61.01
    ]
  }
}