{
  "config": {
    "run_name": "exp2",
    "out_dir": "./results",
    "seed": 42,
    "device": null,
    "bs_train": 128,
    "bs_test": 32,
    "batches": 400,
    "epochs": 30,
    "early_stopping": 5,
    "checkpoints": null,
    "lr": 0.001,
    "reg": 0.001,
    "filters_per_layer": [
      32,
      64,
      128
    ],
    "layers_per_block": 12,
    "pool_every": 12,
    "hidden_dims": [
      256
    ],
    "model_type": "yours",
    "kw": {}
  },
  "results": {
    "num_epochs": 30,
    "train_loss": [
      2.113551186173773,
      1.8301592501228119,
      1.6804705208829602,
      1.5910754569656098,
      1.512081976436898,
      1.4508807811590716,
      1.4065112531032709,
      1.3744510976249908,
      1.3453820154185185,
      1.3193089492485652,
      1.2979386252210574,
      1.2818381173531417,
      1.261551925593325,
      1.2433277452388383,
      1.227789332952036,
      1.21302784937422,
      1.1998592548053284,
      1.1888905236178346,
      1.17548276228673,
      1.1633440682955105,
      1.151357437491112,
      1.1424254739985746,
      1.1339431674888982,
      1.1200007666712222,
      1.1134008304847172,
      1.109422291026396,
      1.0949635420309003,
      1.0882687670800386,
      1.0838685429004757,
      1.0750402846299778
    ],
    "train_acc": [
      22.06,
      34.566,
      40.244,
      43.42,
      46.48,
      48.512,
      50.528,
      51.566,
      52.698,
      53.644,
      54.42,
      55.226,
      55.858,
      56.574,
      57.214,
      58.068,
      58.192,
      59.094,
      59.29,
      59.76,
      60.192,
      60.448,
      60.93,
      61.522,
      61.75,
      61.894,
      62.378,
      62.612,
      62.796,
      63.222
    ],
    "test_loss": [
      1.9972587602968794,
      1.7297112477092316,
      1.6413223709161289,
      1.586566971513791,
      1.4521797522188375,
      1.4145456975260482,
      1.38325014910378,
      1.352811219974067,
      1.3288851184205126,
      1.3425421507213824,
      1.3208226247336536,
      1.2789420456931995,
      1.2799823786884832,
      1.2667293083934357,
      1.249466511959466,
      1.2480606684288658,
      1.2350180383307485,
      1.2450107817832654,
      1.2271619587660598,
      1.2411862451809283,
      1.218246980787466,
      1.235544971764659,
      1.2490661144256592,
      1.269083545421259,
      1.2130377631598768,
      1.2139405958568708,
      1.1952079157478892,
      1.2036120674480646,
      1.207163729606726,
      1.1838021657337396
    ],
    "test_acc": [
      27.77,
      38.21,
      41.18,
      42.35,
      47.81,
      49.0,
      50.45,
      51.67,
      52.33,
      52.19,
      53.01,
      54.04,
      54.57,
      54.93,
      56.06,
      55.92,
      56.1,
      55.98,
      56.49,
      56.1,
      56.75,
      56.97,
      56.01,
      55.3,
      57.24,
      57.48,
      57.83,
      57.27,
      57.83,
      58.24
    ]
  }
}