{
  "config": {
    "run_name": "exp2",
    "out_dir": "./results",
    "seed": 42,
    "device": null,
    "bs_train": 128,
    "bs_test": 32,
    "batches": 400,
    "epochs": 30,
    "early_stopping": 5,
    "checkpoints": null,
    "lr": 0.001,
    "reg": 0.001,
    "filters_per_layer": [
      32,
      64,
      128
    ],
    "layers_per_block": 6,
    "pool_every": 6,
    "hidden_dims": [
      256
    ],
    "model_type": "yours",
    "kw": {}
  },
  "results": {
    "num_epochs": 30,
    "train_loss": [
      2.1215611796854708,
      1.7998776505975163,
      1.6479818445947163,
      1.561395698496143,
      1.503311106615969,
      1.4534943301964294,
      1.408817948282832,
      1.379326950558616,
      1.3525556853360228,
      1.327160094095313,
      1.3023883814701949,
      1.2792742810285915,
      1.259798455116389,
      1.2375534903972656,
      1.2255269360664252,
      1.1999443687136522,
      1.1875121102613562,
      1.1659644773549132,
      1.1537063751379242,
      1.134023184361665,
      1.118352622784617,
      1.105654940885656,
      1.0974341595874113,
      1.076571131606236,
      1.0648766300257515,
      1.0536892792148054,
      1.0403523102135914,
      1.0277567091195479,
      1.0153193455522933,
      1.0092946373288283
    ],
    "train_acc": [
      21.588,
      36.066,
      41.608,
      44.612,
      46.954,
      48.852,
      50.18,
      51.44,
      52.474,
      53.524,
      54.474,
      55.192,
      55.988,
      56.544,
      57.092,
      57.992,
      58.64,
      59.234,
      59.892,
      60.744,
      61.052,
      61.708,
      62.034,
      62.83,
      62.952,
      63.712,
      64.102,
      64.718,
      65.284,
      65.21
    ],
    "test_loss": [
      2.0419144078184623,
      1.8279599271262417,
      1.662761852764093,
      1.5662647512393257,
      1.5514851606691988,
      1.5301456318114892,
      1.462231826096678,
      1.4083283930159987,
      1.3867764798597024,
      1.38890194569152,
      1.3478084475087662,
      1.2975148370090765,
      1.362198926770268,
      1.3651289496178063,
      1.35110177113987,
      1.3028831908497185,
      1.2786995526700735,
      1.2913264775047668,
      1.2852779238368757,
      1.3094150865801608,
      1.2314900759690868,
      1.2932777718994946,
      1.2372757293545782,
      1.2558226116929954,
      1.183910211244711,
      1.2549044446061595,
      1.3789904513678992,
      1.1916841276156636,
      1.187466492096837,
      1.2282771649071202
    ],
    "test_acc": [
      25.33,
      34.82,
      41.43,
      44.42,
      45.05,
      45.86,
      48.09,
      49.42,
      50.49,
      50.28,
      51.86,
      53.19,
      51.31,
      51.43,
      52.48,
      53.62,
      54.75,
      54.86,
      54.38,
      53.59,
      56.37,
      54.4,
      56.11,
      56.02,
      58.3,
      55.75,
      53.1,
      57.38,
      58.39,
      57.45
    ]
  }
}