{
  "config": {
    "run_name": "exp2",
    "out_dir": "./results",
    "seed": 42,
    "device": null,
    "bs_train": 128,
    "bs_test": 32,
    "batches": 400,
    "epochs": 30,
    "early_stopping": 5,
    "checkpoints": null,
    "lr": 0.001,
    "reg": 0.001,
    "filters_per_layer": [
      32,
      64,
      128
    ],
    "layers_per_block": 9,
    "pool_every": 9,
    "hidden_dims": [
      256
    ],
    "model_type": "yours",
    "kw": {}
  },
  "results": {
    "num_epochs": 30,
    "train_loss": [
      2.1099196693781392,
      1.871416906261688,
      1.6834377227231974,
      1.5820030288013351,
      1.5162872332136343,
      1.465659694903342,
      1.4248292510161924,
      1.3856775660039213,
      1.355810056257126,
      1.3310368911689505,
      1.3086994880300653,
      1.2851169584962108,
      1.270064285649058,
      1.2487153682257512,
      1.2347966109395332,
      1.2180000673169675,
      1.2083676155570828,
      1.193296603686974,
      1.176731850027733,
      1.1681771327162642,
      1.1576037951137708,
      1.1423457894483795,
      1.1323358538510548,
      1.1208826649524366,
      1.1121367847218233,
      1.1005976867797735,
      1.0923378886774069,
      1.0866030753421052,
      1.0765408018360967,
      1.062943273188208
    ],
    "train_acc": [
      22.266,
      32.374,
      39.796,
      43.812,
      46.206,
      47.59,
      49.174,
      50.67,
      51.916,
      52.93,
      53.832,
      54.63,
      55.482,
      55.94,
      56.612,
      57.298,
      57.722,
      58.26,
      58.842,
      59.448,
      59.678,
      60.394,
      60.62,
      61.036,
      61.578,
      62.034,
      62.274,
      62.594,
      62.914,
      63.288
    ],
    "test_loss": [
      2.1150076263628828,
      1.800571045936487,
      1.6126254701766725,
      1.5689705842600081,
      1.5137024885549333,
      1.4573255640249283,
      1.4365404604342038,
      1.4048184415402885,
      1.3619065343762358,
      1.4304986817006486,
      1.3722663891201201,
      1.3411885897953288,
      1.355686503858231,
      1.3742755211580295,
      1.2835484086134183,
      1.3153147996424106,
      1.2985491735485797,
      1.2643597586848103,
      1.3395537949217775,
      1.2646769340426778,
      1.2794810025074992,
      1.2353602489724327,
      1.2865497300419182,
      1.296244687165696,
      1.245296033997886,
      1.2528299546470276,
      1.2322454901929862,
      1.2491381341656937,
      1.1901348850216729,
      1.253276565204413
    ],
    "test_acc": [
      21.13,
      35.4,
      42.35,
      44.0,
      45.0,
      47.45,
      48.28,
      48.65,
      51.76,
      48.92,
      51.26,
      52.22,
      52.02,
      51.36,
      54.31,
      53.1,
      54.1,
      54.82,
      52.33,
      55.09,
      54.31,
      56.17,
      54.68,
      53.69,
      55.45,
      55.28,
      56.29,
      55.37,
      58.14,
      55.35
    ]
  }
}