{
  "config": {
    "run_name": "exp2",
    "out_dir": "./results",
    "seed": 42,
    "device": null,
    "bs_train": 128,
    "bs_test": 32,
    "batches": 400,
    "epochs": 30,
    "early_stopping": 5,
    "checkpoints": null,
    "lr": 0.001,
    "reg": 0.001,
    "filters_per_layer": [
      32,
      64,
      128
    ],
    "layers_per_block": 3,
    "pool_every": 3,
    "hidden_dims": [
      256
    ],
    "model_type": "yours",
    "kw": {}
  },
  "results": {
    "num_epochs": 28,
    "train_loss": [
      1.8535064974099473,
      1.555395350126964,
      1.4093575154424018,
      1.2732347820116126,
      1.1683400267225397,
      1.0749453522665116,
      0.9968597887422118,
      0.9346828288434411,
      0.8815102275375211,
      0.8434919013696558,
      0.8039220271208097,
      0.7815301287204713,
      0.7529556350329952,
      0.7304272281239405,
      0.7093282997455743,
      0.6916362038811149,
      0.6685261773636274,
      0.6548249293928561,
      0.6419886980977509,
      0.6263391970825927,
      0.6157214636997799,
      0.6043617573692975,
      0.5958375536724735,
      0.5848277330855884,
      0.5764363717545024,
      0.5714987110146477,
      0.557859337085958,
      0.549062359592189
    ],
    "train_acc": [
      31.962,
      44.006,
      50.036,
      55.0,
      59.406,
      63.008,
      66.014,
      68.224,
      69.96,
      71.606,
      72.93,
      74.138,
      74.682,
      75.764,
      76.16,
      77.108,
      77.786,
      78.178,
      78.668,
      79.398,
      79.648,
      80.03,
      80.252,
      80.762,
      81.304,
      81.26,
      81.692,
      81.826
    ],
    "test_loss": [
      1.59497517556809,
      1.408023824707007,
      1.257146050373967,
      1.1742845267152633,
      1.1094355783142602,
      1.148111071449499,
      1.021527098390622,
      0.9770850451609578,
      0.9195013832741271,
      0.9043675990531239,
      0.8481752181205505,
      0.9164628394114704,
      0.8166696268339126,
      0.8446297181871372,
      0.8579848603889965,
      0.8749509562318698,
      0.8182180645747688,
      0.8514623577221514,
      0.7978565322990996,
      0.7984303925364924,
      0.8445012907441051,
      0.8284550950930903,
      0.7599872562546319,
      0.8674045329848037,
      0.9120270913591781,
      0.7857604185327555,
      0.8696812431271465,
      0.8176306041475302
    ],
    "test_acc": [
      40.67,
      47.36,
      54.99,
      57.24,
      60.83,
      60.34,
      64.47,
      66.06,
      67.85,
      68.7,
      70.68,
      69.18,
      71.69,
      70.28,
      70.45,
      70.15,
      71.84,
      71.2,
      72.86,
      73.29,
      71.88,
      71.89,
      74.32,
      71.37,
      70.12,
      73.19,
      70.88,
      72.86
    ]
  }
}