{
  "config": {
    "run_name": "exp2",
    "out_dir": "./results",
    "seed": 42,
    "device": null,
    "bs_train": 128,
    "bs_test": 32,
    "batches": 400,
    "epochs": 30,
    "early_stopping": 5,
    "checkpoints": null,
    "lr": 0.001,
    "reg": 0.001,
    "filters_per_layer": [
      32,
      64,
      128
    ],
    "layers_per_block": 9,
    "pool_every": 9,
    "hidden_dims": [
      256
    ],
    "model_type": "yours",
    "kw": {}
  },
  "results": {
    "num_epochs": 30,
    "train_loss": [
      1.9416782755376127,
      1.6437841867242018,
      1.502580746360447,
      1.3896739891422984,
      1.2827295049681993,
      1.189401766223371,
      1.1149048985117842,
      1.049871583423956,
      0.9961464158104508,
      0.9470219660902877,
      0.9114930085513903,
      0.8719724657590432,
      0.8468482959300966,
      0.8205397391258298,
      0.8004449511428013,
      0.780725521352285,
      0.7647988482204544,
      0.7501591826643785,
      0.73165272401117,
      0.7240656498448014,
      0.7108444791010884,
      0.6980508321996235,
      0.6905335498130535,
      0.6699774581605517,
      0.6679149565032071,
      0.6647662254398131,
      0.647656212453647,
      0.6463369522100825,
      0.639827090379832,
      0.631684975703354
    ],
    "train_acc": [
      28.186,
      40.438,
      46.086,
      50.654,
      54.806,
      58.694,
      61.474,
      64.244,
      66.27,
      67.718,
      69.172,
      70.234,
      71.306,
      71.97,
      73.092,
      73.702,
      74.316,
      74.794,
      75.432,
      75.608,
      75.988,
      76.612,
      76.906,
      77.738,
      77.868,
      77.56,
      78.46,
      78.264,
      78.582,
      78.528
    ],
    "test_loss": [
      1.7078247454981454,
      1.5156047877412253,
      1.407689689828184,
      1.2931354843770353,
      1.1868894879048624,
      1.088244222033138,
      1.0739797702231728,
      0.9821635800809525,
      0.9708728479882018,
      0.9697699137389089,
      0.8771073839154107,
      0.8691421401576874,
      0.8575694726678891,
      0.8212183726290925,
      0.7900078325225903,
      0.7934068771787345,
      0.8087443626536348,
      0.7805508277096307,
      0.8484481589291424,
      0.7855597743972803,
      0.7720046815590356,
      0.7535585118368411,
      0.7729494647857861,
      0.7659548125899257,
      0.7473050887211443,
      0.7445155794437701,
      0.7380223857899444,
      0.7331910067663406,
      0.7554778382896234,
      0.7343789433328488
    ],
    "test_acc": [
      36.53,
      43.58,
      47.93,
      53.21,
      57.44,
      60.81,
      61.9,
      65.29,
      66.12,
      65.94,
      69.39,
      70.1,
      70.16,
      71.07,
      72.51,
      72.58,
      72.13,
      72.7,
      70.78,
      72.65,
      73.6,
      74.12,
      73.84,
      73.35,
      73.98,
      74.52,
      74.36,
      74.86,
      73.88,
      74.64
    ]
  }
}