{
  "config": {
    "run_name": "exp2",
    "out_dir": "./results",
    "seed": 42,
    "device": null,
    "bs_train": 128,
    "bs_test": 32,
    "batches": 400,
    "epochs": 30,
    "early_stopping": 5,
    "checkpoints": null,
    "lr": 0.001,
    "reg": 0.001,
    "filters_per_layer": [
      32,
      64,
      128
    ],
    "layers_per_block": 12,
    "pool_every": 12,
    "hidden_dims": [
      256
    ],
    "model_type": "yours",
    "kw": {}
  },
  "results": {
    "num_epochs": 30,
    "train_loss": [
      2.029110540209524,
      1.6945684007976367,
      1.5420740769647272,
      1.457701002850252,
      1.396116881724209,
      1.347536648325908,
      1.3053685719399806,
      1.2628113546639756,
      1.2365840388380962,
      1.2026044467221135,
      1.1690414799448778,
      1.139389244796675,
      1.1139453207440388,
      1.0901982779697994,
      1.064193575431014,
      1.0371001797259007,
      1.0159898715860702,
      0.9867545633059939,
      0.9724942674417325,
      0.9515319550433732,
      0.9319079463439219,
      0.912206023702841,
      0.8980205469119275,
      0.878341237754773,
      0.864548392917799,
      0.8542271160408664,
      0.8383392065077486,
      0.8241900798609799,
      0.8206783315104902,
      0.8012397525560521
    ],
    "train_acc": [
      24.966,
      39.252,
      44.95,
      48.574,
      50.716,
      52.474,
      53.964,
      55.502,
      56.93,
      57.744,
      59.196,
      60.432,
      61.454,
      62.32,
      63.236,
      64.316,
      65.224,
      65.958,
      66.802,
      67.518,
      68.26,
      68.748,
      69.246,
      69.984,
      70.664,
      71.036,
      71.406,
      72.27,
      72.364,
      72.84
    ],
    "test_loss": [
      1.7755652913651145,
      1.643644001918098,
      1.4276438132642557,
      1.4054085313321683,
      1.3670430236731093,
      1.3128891486329393,
      1.2472496904885044,
      1.2348557807766973,
      1.1996777354718777,
      1.218908272421779,
      1.1656575659974315,
      1.1151482089639853,
      1.151185738202482,
      1.1156374951140187,
      1.0869375720572547,
      1.0815357011728013,
      1.059071166065935,
      1.0238019296536431,
      1.033917509519254,
      1.0219945785717461,
      0.9792953116444353,
      1.0194419292977062,
      0.9895275932150527,
      0.9777945953245741,
      0.9664410949705508,
      0.9858661563442157,
      0.955266431973765,
      1.0072312420739915,
      0.9683671752675272,
      0.9252438093907536
    ],
    "test_acc": [
      35.96,
      41.22,
      48.34,
      48.4,
      49.85,
      52.81,
      55.56,
      55.16,
      56.44,
      56.44,
      57.75,
      59.67,
      58.25,
      59.91,
      61.54,
      61.49,
      62.36,
      63.63,
      63.22,
      63.51,
      65.66,
      64.1,
      65.33,
      65.89,
      65.93,
      65.46,
      67.25,
      65.03,
      65.96,
      67.98
    ]
  }
}