{
  "config": {
    "run_name": "exp2",
    "out_dir": "./results",
    "seed": 42,
    "device": null,
    "bs_train": 128,
    "bs_test": 32,
    "batches": 400,
    "epochs": 30,
    "early_stopping": 5,
    "checkpoints": null,
    "lr": 0.001,
    "reg": 0.001,
    "filters_per_layer": [
      64
    ],
    "layers_per_block": 2,
    "pool_every": 3,
    "hidden_dims": [
      256
    ],
    "model_type": "yours",
    "kw": {}
  },
  "results": {
    "num_epochs": 12,
    "train_loss": [
      1.867491847413885,
      1.488892785423552,
      1.3429190319822268,
      1.1818785008871953,
      1.0486084087120602,
      0.9261747304435886,
      0.7955695056092099,
      0.6780490055108619,
      0.5681235966322672,
      0.47393285877564373,
      0.3821955620861419,
      0.3352214048814286
    ],
    "train_acc": [
      36.26,
      47.594,
      53.976,
      60.374,
      66.568,
      71.462,
      76.678,
      81.374,
      85.826,
      89.454,
      92.326,
      93.964
    ],
    "test_loss": [
      1.5615123213289646,
      1.4268973791561188,
      1.3502908764174952,
      1.241129324078179,
      1.1845714906914928,
      1.1934386505105625,
      1.163258440007036,
      1.269901298867247,
      1.3146366989269804,
      1.4387265394290034,
      1.5592845793539725,
      1.6464054837775306
    ],
    "test_acc": [
      42.17,
      47.99,
      51.68,
      55.77,
      58.69,
      59.13,
      60.0,
      58.8,
      58.37,
      57.42,
      57.98,
      56.99
    ]
  }
}