{
  "config": {
    "run_name": "exp2",
    "out_dir": "./results",
    "seed": 42,
    "device": null,
    "bs_train": 128,
    "bs_test": 32,
    "batches": 400,
    "epochs": 30,
    "early_stopping": 5,
    "checkpoints": null,
    "lr": 0.001,
    "reg": 0.001,
    "filters_per_layer": [
      32,
      64,
      128
    ],
    "layers_per_block": 3,
    "pool_every": 3,
    "hidden_dims": [
      256
    ],
    "model_type": "yours",
    "kw": {}
  },
  "results": {
    "num_epochs": 25,
    "train_loss": [
      1.5991540348438351,
      1.143448218207835,
      0.9167880126277504,
      0.7960434684058284,
      0.7180432046160978,
      0.6601664055034023,
      0.6172717352352484,
      0.583419188209202,
      0.5526678030143308,
      0.520356668764368,
      0.503734275812993,
      0.47910549687912396,
      0.4635194056021893,
      0.44371750775505514,
      0.4297531848139775,
      0.41632810818112415,
      0.4011520523092021,
      0.3949329541314898,
      0.3781320762908672,
      0.3628008147639692,
      0.35734485623324314,
      0.35046399298988645,
      0.3468157102537277,
      0.3365046569072377,
      0.3335390863821025
    ],
    "train_acc": [
      42.622,
      60.904,
      68.99,
      73.056,
      76.122,
      78.108,
      79.9,
      81.084,
      82.236,
      83.244,
      84.09,
      84.718,
      85.694,
      86.116,
      86.608,
      87.076,
      87.492,
      88.068,
      88.476,
      88.746,
      89.114,
      89.39,
      89.764,
      89.724,
      90.252
    ],
    "test_loss": [
      1.2334810621060504,
      1.0084331326972182,
      0.7948237586135681,
      0.7476403400920831,
      0.7223104979283512,
      0.7045974134922789,
      0.6769870912400298,
      0.6957112217006592,
      0.613172915606453,
      0.6142546616899319,
      0.5991697201665979,
      0.6321999736296864,
      0.580252504267822,
      0.6221488381917484,
      0.5700109683381863,
      0.6673052446625103,
      0.5884727222470049,
      0.6527609423088571,
      0.6060253437429952,
      0.573071973582807,
      0.6276692814720325,
      0.5907168679010754,
      0.6349160075663759,
      0.5832289119783681,
      0.5859878181744689
    ],
    "test_acc": [
      55.39,
      64.27,
      72.34,
      73.72,
      75.74,
      76.02,
      77.04,
      76.37,
      79.03,
      79.23,
      79.97,
      79.06,
      80.81,
      79.46,
      80.94,
      78.33,
      80.63,
      79.3,
      80.15,
      81.33,
      79.75,
      80.71,
      80.03,
      81.33,
      81.08
    ]
  }
}