{
  "config": {
    "run_name": "exp2",
    "out_dir": "./results",
    "seed": 42,
    "device": null,
    "bs_train": 128,
    "bs_test": 32,
    "batches": 400,
    "epochs": 50,
    "early_stopping": 5,
    "checkpoints": null,
    "lr": 0.001,
    "reg": 0.001,
    "filters_per_layer": [
      32
    ],
    "layers_per_block": 2,
    "pool_every": 3,
    "hidden_dims": [
      512
    ],
    "model_type": "yours",
    "kw": {}
  },
  "results": {
    "num_epochs": 12,
    "train_loss": [
      1.6004480056445618,
      1.2424713970755068,
      1.1149921337966724,
      1.006240242887336,
      0.9189804092697476,
      0.8188294000028039,
      0.7218662528583156,
      0.6318169550212753,
      0.5436432546057055,
      0.4681983170149576,
      0.40339806492981095,
      0.36150103281526
    ],
    "train_acc": [
      45.63,
      58.704,
      63.798,
      68.19,
      71.826,
      75.934,
      80.194,
      83.76,
      87.114,
      89.746,
      92.032,
      93.444
    ],
    "test_loss": [
      1.3266741208755932,
      1.243642420814441,
      1.1181652307891237,
      1.0941217745454928,
      1.0939960117918996,
      1.118710940447859,
      1.1021412336788239,
      1.1974133068380264,
      1.2310473770379258,
      1.3299160984377512,
      1.3805647787575523,
      1.4503027945280837
    ],
    "test_acc": [
      51.87,
      55.22,
      59.82,
      60.85,
      61.28,
      61.21,
      62.54,
      60.48,
      61.26,
      59.81,
      60.04,
      60.1
    ]
  }
}